gairmet_id_surrogate,product,hazard,forecast_valid_time_utc,valid_from_utc,valid_to_utc,geometry_json,conditions_json
gairmet|0|2026-04-13T12:00:00.000Z,SIERRA,MT_OBSC,2026-04-13 12:00:00+00:00,1970-01-01 00:00:01.776076680+00:00,1970-01-01 00:00:01.776092400+00:00,"[{""lat"": ""48.98"", ""lon"": ""-122.37""}, {""lat"": ""48.87"", ""lon"": ""-120.26""}, {""lat"": ""47.61"", ""lon"": ""-120.64""}, {""lat"": ""46.82"", ""lon"": ""-120.64""}, {""lat"": ""46.00"", ""lon"": ""-120.52""}, {""lat"": ""45.29"", ""lon"": ""-120.30""}, {""lat"": ""45.29"", ""lon"": ""-119.24""}, {""lat"": ""46.00"", ""lon"": ""-117.91""}, {""lat"": ""47.34"", ""lon"": ""-117.13""}, {""lat"": ""48.65"", ""lon"": ""-117.29""}, {""lat"": ""48.86"", ""lon"": ""-115.84""}, {""lat"": ""48.93"", ""lon"": ""-112.87""}, {""lat"": ""47.40"", ""lon"": ""-111.36""}, {""lat"": ""48.36"", ""lon"": ""-109.81""}, {""lat"": ""46.55"", ""lon"": ""-108.47""}, {""lat"": ""46.59"", ""lon"": ""-111.86""}, {""lat"": ""45.56"", ""lon"": ""-113.65""}, {""lat"": ""43.86"", ""lon"": ""-114.15""}, {""lat"": ""43.10"", ""lon"": ""-115.99""}, {""lat"": ""42.35"", ""lon"": ""-118.41""}, {""lat"": ""41.40"", ""lon"": ""-118.74""}, {""lat"": ""39.75"", ""lon"": ""-120.84""}, {""lat"": ""40.07"", ""lon"": ""-122.27""}, {""lat"": ""38.14"", ""lon"": ""-121.99""}, {""lat"": ""37.02"", ""lon"": ""-121.42""}, {""lat"": ""36.84"", ""lon"": ""-122.36""}, {""lat"": ""38.38"", ""lon"": ""-123.01""}, {""lat"": ""40.55"", ""lon"": ""-124.11""}, {""lat"": ""42.49"", ""lon"": ""-124.31""}, {""lat"": ""44.53"", ""lon"": ""-124.11""}, {""lat"": ""45.12"", ""lon"": ""-123.99""}, {""lat"": ""45.18"", ""lon"": ""-124.04""}, {""lat"": ""46.78"", ""lon"": ""-124.10""}, {""lat"": ""48.13"", ""lon"": ""-124.72""}, {""lat"": ""48.19"", ""lon"": ""-123.39""}, {""lat"": ""48.98"", ""lon"": ""-122.37""}]","{""due_to"": ""MTNS OBSC BY PCPN/CLDS/BR"", ""severity"": """", ""status"": """", ""geometryType"": ""AREA"", ""forecastHour"": 3}"
gairmet|1|2026-04-13T12:00:00.000Z,SIERRA,IFR,2026-04-13 12:00:00+00:00,1970-01-01 00:00:01.776076680+00:00,1970-01-01 00:00:01.776092400+00:00,"[{""lat"": ""32.09"", ""lon"": ""-97.10""}, {""lat"": ""31.87"", ""lon"": ""-95.01""}, {""lat"": ""30.70"", ""lon"": ""-94.73""}, {""lat"": ""29.68"", ""lon"": ""-95.50""}, {""lat"": ""28.69"", ""lon"": ""-96.18""}, {""lat"": ""28.21"", ""lon"": ""-97.07""}, {""lat"": ""27.69"", ""lon"": ""-98.18""}, {""lat"": ""28.85"", ""lon"": ""-99.75""}, {""lat"": ""29.22"", ""lon"": ""-100.52""}, {""lat"": ""29.58"", ""lon"": ""-100.92""}, {""lat"": ""30.42"", ""lon"": ""-101.11""}, {""lat"": ""30.69"", ""lon"": ""-101.10""}, {""lat"": ""30.93"", ""lon"": ""-100.77""}, {""lat"": ""31.49"", ""lon"": ""-99.45""}, {""lat"": ""31.83"", ""lon"": ""-98.35""}, {""lat"": ""32.09"", ""lon"": ""-97.10""}]","{""due_to"": ""CIG BLW 010/VIS BLW 3SM PCPN/BR"", ""severity"": """", ""status"": """", ""geometryType"": ""AREA"", ""forecastHour"": 3}"
gairmet|2|2026-04-13T12:00:00.000Z,SIERRA,MT_OBSC,2026-04-13 12:00:00+00:00,1970-01-01 00:00:01.776076680+00:00,1970-01-01 00:00:01.776092400+00:00,"[{""lat"": ""45.41"", ""lon"": ""-109.91""}, {""lat"": ""44.77"", ""lon"": ""-109.08""}, {""lat"": ""43.85"", ""lon"": ""-109.29""}, {""lat"": ""42.67"", ""lon"": ""-108.85""}, {""lat"": ""41.22"", ""lon"": ""-109.89""}, {""lat"": ""40.65"", ""lon"": ""-110.49""}, {""lat"": ""40.16"", ""lon"": ""-111.14""}, {""lat"": ""41.54"", ""lon"": ""-112.49""}, {""lat"": ""42.39"", ""lon"": ""-112.81""}, {""lat"": ""43.02"", ""lon"": ""-111.41""}, {""lat"": ""43.82"", ""lon"": ""-111.34""}, {""lat"": ""44.88"", ""lon"": ""-111.14""}, {""lat"": ""45.41"", ""lon"": ""-109.91""}]","{""due_to"": ""MTNS OBSC BY PCPN/CLDS/BR"", ""severity"": """", ""status"": """", ""geometryType"": ""AREA"", ""forecastHour"": 3}"
gairmet|3|2026-04-13T12:00:00.000Z,SIERRA,IFR,2026-04-13 12:00:00+00:00,1970-01-01 00:00:01.776076680+00:00,1970-01-01 00:00:01.776092400+00:00,"[{""lat"": ""35.10"", ""lon"": ""-78.45""}, {""lat"": ""34.03"", ""lon"": ""-78.71""}, {""lat"": ""32.85"", ""lon"": ""-79.43""}, {""lat"": ""31.62"", ""lon"": ""-81.13""}, {""lat"": ""30.55"", ""lon"": ""-81.54""}, {""lat"": ""30.64"", ""lon"": ""-82.69""}, {""lat"": ""32.64"", ""lon"": ""-83.40""}, {""lat"": ""33.36"", ""lon"": ""-82.78""}, {""lat"": ""33.93"", ""lon"": ""-81.47""}, {""lat"": ""34.20"", ""lon"": ""-80.37""}, {""lat"": ""34.90"", ""lon"": ""-79.83""}, {""lat"": ""35.10"", ""lon"": ""-78.45""}]","{""due_to"": ""CIG BLW 010/VIS BLW 3SM BR/FG"", ""severity"": """", ""status"": """", ""geometryType"": ""AREA"", ""forecastHour"": 3}"
gairmet|4|2026-04-13T12:00:00.000Z,SIERRA,IFR,2026-04-13 12:00:00+00:00,1970-01-01 00:00:01.776076680+00:00,1970-01-01 00:00:01.776092400+00:00,"[{""lat"": ""46.38"", ""lon"": ""-70.20""}, {""lat"": ""46.03"", ""lon"": ""-67.92""}, {""lat"": ""44.52"", ""lon"": ""-66.91""}, {""lat"": ""43.79"", ""lon"": ""-67.39""}, {""lat"": ""43.78"", ""lon"": ""-69.05""}, {""lat"": ""43.27"", ""lon"": ""-70.28""}, {""lat"": ""43.29"", ""lon"": ""-70.93""}, {""lat"": ""43.96"", ""lon"": ""-71.90""}, {""lat"": ""44.73"", ""lon"": ""-72.50""}, {""lat"": ""45.18"", ""lon"": ""-72.54""}, {""lat"": ""45.29"", ""lon"": ""-71.06""}, {""lat"": ""46.38"", ""lon"": ""-70.20""}]","{""due_to"": ""CIG BLW 010/VIS BLW 3SM PCPN/BR"", ""severity"": """", ""status"": """", ""geometryType"": ""AREA"", ""forecastHour"": 3}"
gairmet|5|2026-04-13T12:00:00.000Z,SIERRA,IFR,2026-04-13 12:00:00+00:00,1970-01-01 00:00:01.776076680+00:00,1970-01-01 00:00:01.776092400+00:00,"[{""lat"": ""40.19"", ""lon"": ""-121.18""}, {""lat"": ""40.17"", ""lon"": ""-120.57""}, {""lat"": ""39.95"", ""lon"": ""-120.06""}, {""lat"": ""38.80"", ""lon"": ""-119.23""}, {""lat"": ""37.86"", ""lon"": ""-119.83""}, {""lat"": ""38.55"", ""lon"": ""-120.57""}, {""lat"": ""39.66"", ""lon"": ""-121.21""}, {""lat"": ""40.19"", ""lon"": ""-121.18""}]","{""due_to"": ""CIG BLW 010/VIS BLW 3SM PCPN/BR"", ""severity"": """", ""status"": """", ""geometryType"": ""AREA"", ""forecastHour"": 3}"
gairmet|6|2026-04-13T12:00:00.000Z,SIERRA,IFR,2026-04-13 12:00:00+00:00,1970-01-01 00:00:01.776076680+00:00,1970-01-01 00:00:01.776092400+00:00,"[{""lat"": ""49.01"", ""lon"": ""-95.16""}, {""lat"": ""48.61"", ""lon"": ""-94.45""}, {""lat"": ""48.52"", ""lon"": ""-93.11""}, {""lat"": ""47.99"", ""lon"": ""-91.45""}, {""lat"": ""47.85"", ""lon"": ""-88.95""}, {""lat"": ""48.18"", ""lon"": ""-88.10""}, {""lat"": ""47.72"", ""lon"": ""-86.83""}, {""lat"": ""46.63"", ""lon"": ""-87.67""}, {""lat"": ""44.92"", ""lon"": ""-89.48""}, {""lat"": ""44.84"", ""lon"": ""-91.66""}, {""lat"": ""45.05"", ""lon"": ""-93.70""}, {""lat"": ""44.36"", ""lon"": ""-95.97""}, {""lat"": ""44.43"", ""lon"": ""-97.79""}, {""lat"": ""44.82"", ""lon"": ""-101.17""}, {""lat"": ""45.32"", ""lon"": ""-103.14""}, {""lat"": ""46.09"", ""lon"": ""-104.16""}, {""lat"": ""47.93"", ""lon"": ""-104.89""}, {""lat"": ""48.92"", ""lon"": ""-104.22""}, {""lat"": ""48.99"", ""lon"": ""-100.47""}, {""lat"": ""49.01"", ""lon"": ""-95.16""}]","{""due_to"": ""CIG BLW 010/VIS BLW 3SM BR"", ""severity"": """", ""status"": """", ""geometryType"": ""AREA"", ""forecastHour"": 3}"
gairmet|7|2026-04-13T12:00:00.000Z,SIERRA,IFR,2026-04-13 12:00:00+00:00,1970-01-01 00:00:01.776076680+00:00,1970-01-01 00:00:01.776092400+00:00,"[{""lat"": ""47.56"", ""lon"": ""-116.92""}, {""lat"": ""46.65"", ""lon"": ""-116.10""}, {""lat"": ""45.42"", ""lon"": ""-115.73""}, {""lat"": ""44.29"", ""lon"": ""-115.52""}, {""lat"": ""43.92"", ""lon"": ""-115.94""}, {""lat"": ""43.82"", ""lon"": ""-117.25""}, {""lat"": ""43.91"", ""lon"": ""-118.12""}, {""lat"": ""45.03"", ""lon"": ""-118.40""}, {""lat"": ""46.64"", ""lon"": ""-118.15""}, {""lat"": ""47.56"", ""lon"": ""-116.92""}]","{""due_to"": ""CIG BLW 010/VIS BLW 3SM PCPN/BR"", ""severity"": """", ""status"": """", ""geometryType"": ""AREA"", ""forecastHour"": 3}"
gairmet|8|2026-04-13T12:00:00.000Z,SIERRA,MT_OBSC,2026-04-13 12:00:00+00:00,1970-01-01 00:00:01.776076680+00:00,1970-01-01 00:00:01.776092400+00:00,"[{""lat"": ""47.46"", ""lon"": ""-69.32""}, {""lat"": ""45.48"", ""lon"": ""-68.38""}, {""lat"": ""44.28"", ""lon"": ""-70.06""}, {""lat"": ""40.12"", ""lon"": ""-76.98""}, {""lat"": ""44.84"", ""lon"": ""-74.82""}, {""lat"": ""45.19"", ""lon"": ""-71.18""}, {""lat"": ""47.46"", ""lon"": ""-69.32""}]","{""due_to"": ""MTNS OBSC BY PCPN/CLDS/BR"", ""severity"": """", ""status"": """", ""geometryType"": ""AREA"", ""forecastHour"": 3}"
gairmet|9|2026-04-13T12:00:00.000Z,SIERRA,IFR,2026-04-13 12:00:00+00:00,1970-01-01 00:00:01.776076680+00:00,1970-01-01 00:00:01.776092400+00:00,"[{""lat"": ""46.54"", ""lon"": ""-84.80""}, {""lat"": ""45.55"", ""lon"": ""-82.50""}, {""lat"": ""44.57"", ""lon"": ""-82.27""}, {""lat"": ""42.17"", ""lon"": ""-85.05""}, {""lat"": ""41.44"", ""lon"": ""-88.34""}, {""lat"": ""41.45"", ""lon"": ""-91.41""}, {""lat"": ""42.14"", ""lon"": ""-93.29""}, {""lat"": ""43.27"", ""lon"": ""-94.17""}, {""lat"": ""43.58"", ""lon"": ""-92.41""}, {""lat"": ""43.37"", ""lon"": ""-90.65""}, {""lat"": ""43.11"", ""lon"": ""-87.84""}, {""lat"": ""44.17"", ""lon"": ""-86.65""}, {""lat"": ""46.54"", ""lon"": ""-84.80""}]","{""due_to"": ""CIG BLW 010/VIS BLW 3SM PCPN"", ""severity"": """", ""status"": """", ""geometryType"": ""AREA"", ""forecastHour"": 3}"
gairmet|10|2026-04-13T12:00:00.000Z,TANGO,TURB-LO,2026-04-13 12:00:00+00:00,1970-01-01 00:00:01.776069900+00:00,1970-01-01 00:00:01.776092400+00:00,"[{""lat"": ""46.66"", ""lon"": ""-110.14""}, {""lat"": ""44.85"", ""lon"": ""-106.42""}, {""lat"": ""43.90"", ""lon"": ""-105.04""}, {""lat"": ""41.94"", ""lon"": ""-104.57""}, {""lat"": ""40.00"", ""lon"": ""-104.08""}, {""lat"": ""38.75"", ""lon"": ""-104.09""}, {""lat"": ""36.76"", ""lon"": ""-103.56""}, {""lat"": ""35.31"", ""lon"": ""-104.89""}, {""lat"": ""35.20"", ""lon"": ""-106.04""}, {""lat"": ""36.03"", ""lon"": ""-107.25""}, {""lat"": ""37.14"", ""lon"": ""-107.14""}, {""lat"": ""38.43"", ""lon"": ""-109.39""}, {""lat"": ""40.59"", ""lon"": ""-111.12""}, {""lat"": ""42.30"", ""lon"": ""-109.76""}, {""lat"": ""44.20"", ""lon"": ""-111.52""}, {""lat"": ""46.17"", ""lon"": ""-111.33""}, {""lat"": ""46.66"", ""lon"": ""-110.14""}]","{""due_to"": """", ""severity"": ""MOD"", ""status"": """", ""geometryType"": ""AREA"", ""forecastHour"": 3}"
gairmet|11|2026-04-13T12:00:00.000Z,TANGO,LLWS,2026-04-13 12:00:00+00:00,1970-01-01 00:00:01.776069900+00:00,1970-01-01 00:00:01.776092400+00:00,"[{""lat"": ""42.03"", ""lon"": ""-104.88""}, {""lat"": ""40.77"", ""lon"": ""-104.29""}, {""lat"": ""39.26"", ""lon"": ""-104.74""}, {""lat"": ""38.07"", ""lon"": ""-103.78""}, {""lat"": ""36.89"", ""lon"": ""-103.68""}, {""lat"": ""35.84"", ""lon"": ""-104.39""}, {""lat"": ""35.55"", ""lon"": ""-105.65""}, {""lat"": ""36.79"", ""lon"": ""-106.40""}, {""lat"": ""37.51"", ""lon"": ""-108.01""}, {""lat"": ""38.52"", ""lon"": ""-108.49""}, {""lat"": ""39.56"", ""lon"": ""-107.62""}, {""lat"": ""40.68"", ""lon"": ""-106.98""}, {""lat"": ""41.33"", ""lon"": ""-106.68""}, {""lat"": ""41.95"", ""lon"": ""-105.87""}, {""lat"": ""42.03"", ""lon"": ""-104.88""}]","{""due_to"": """", ""severity"": """", ""status"": """", ""geometryType"": ""AREA"", ""forecastHour"": 3}"
gairmet|12|2026-04-13T12:00:00.000Z,TANGO,LLWS,2026-04-13 12:00:00+00:00,1970-01-01 00:00:01.776069900+00:00,1970-01-01 00:00:01.776092400+00:00,"[{""lat"": ""36.69"", ""lon"": ""-111.84""}, {""lat"": ""36.30"", ""lon"": ""-110.78""}, {""lat"": ""35.74"", ""lon"": ""-109.65""}, {""lat"": ""35.66"", ""lon"": ""-108.21""}, {""lat"": ""35.26"", ""lon"": ""-107.17""}, {""lat"": ""34.39"", ""lon"": ""-106.70""}, {""lat"": ""33.59"", ""lon"": ""-106.78""}, {""lat"": ""32.86"", ""lon"": ""-107.83""}, {""lat"": ""32.89"", ""lon"": ""-109.49""}, {""lat"": ""33.22"", ""lon"": ""-110.76""}, {""lat"": ""33.93"", ""lon"": ""-111.97""}, {""lat"": ""35.07"", ""lon"": ""-113.01""}, {""lat"": ""36.20"", ""lon"": ""-113.07""}, {""lat"": ""36.69"", ""lon"": ""-111.84""}]","{""due_to"": """", ""severity"": """", ""status"": """", ""geometryType"": ""AREA"", ""forecastHour"": 3}"
gairmet|13|2026-04-13T12:00:00.000Z,TANGO,LLWS,2026-04-13 12:00:00+00:00,1970-01-01 00:00:01.776069900+00:00,1970-01-01 00:00:01.776092400+00:00,"[{""lat"": ""45.93"", ""lon"": ""-69.99""}, {""lat"": ""44.74"", ""lon"": ""-69.04""}, {""lat"": ""43.51"", ""lon"": ""-69.03""}, {""lat"": ""41.81"", ""lon"": ""-69.26""}, {""lat"": ""40.75"", ""lon"": ""-70.39""}, {""lat"": ""39.89"", ""lon"": ""-72.48""}, {""lat"": ""37.94"", ""lon"": ""-74.79""}, {""lat"": ""36.40"", ""lon"": ""-77.56""}, {""lat"": ""36.52"", ""lon"": ""-80.31""}, {""lat"": ""35.99"", ""lon"": ""-82.12""}, {""lat"": ""35.19"", ""lon"": ""-83.39""}, {""lat"": ""34.88"", ""lon"": ""-84.91""}, {""lat"": ""35.17"", ""lon"": ""-86.91""}, {""lat"": ""36.37"", ""lon"": ""-88.01""}, {""lat"": ""37.38"", ""lon"": ""-86.11""}, {""lat"": ""39.77"", ""lon"": ""-83.60""}, {""lat"": ""42.11"", ""lon"": ""-81.05""}, {""lat"": ""42.58"", ""lon"": ""-78.92""}, {""lat"": ""43.57"", ""lon"": ""-79.01""}, {""lat"": ""43.68"", ""lon"": ""-76.96""}, {""lat"": ""44.88"", ""lon"": ""-74.91""}, {""lat"": ""45.17"", ""lon"": ""-71.14""}, {""lat"": ""45.93"", ""lon"": ""-69.99""}]","{""due_to"": """", ""severity"": """", ""status"": """", ""geometryType"": ""AREA"", ""forecastHour"": 3}"
gairmet|14|2026-04-13T12:00:00.000Z,TANGO,TURB-HI,2026-04-13 12:00:00+00:00,1970-01-01 00:00:01.776069900+00:00,1970-01-01 00:00:01.776092400+00:00,"[{""lat"": ""47.16"", ""lon"": ""-113.63""}, {""lat"": ""46.03"", ""lon"": ""-111.70""}, {""lat"": ""44.90"", ""lon"": ""-111.37""}, {""lat"": ""43.38"", ""lon"": ""-112.15""}, {""lat"": ""41.17"", ""lon"": ""-113.90""}, {""lat"": ""40.27"", ""lon"": ""-116.27""}, {""lat"": ""38.92"", ""lon"": ""-119.25""}, {""lat"": ""38.72"", ""lon"": ""-119.62""}, {""lat"": ""38.10"", ""lon"": ""-120.94""}, {""lat"": ""36.43"", ""lon"": ""-122.84""}, {""lat"": ""35.55"", ""lon"": ""-123.82""}, {""lat"": ""36.09"", ""lon"": ""-124.32""}, {""lat"": ""37.31"", ""lon"": ""-125.08""}, {""lat"": ""38.50"", ""lon"": ""-124.39""}, {""lat"": ""39.59"", ""lon"": ""-123.22""}, {""lat"": ""40.73"", ""lon"": ""-121.81""}, {""lat"": ""41.93"", ""lon"": ""-119.47""}, {""lat"": ""43.98"", ""lon"": ""-117.51""}, {""lat"": ""46.19"", ""lon"": ""-116.21""}, {""lat"": ""47.01"", ""lon"": ""-114.68""}, {""lat"": ""47.16"", ""lon"": ""-113.63""}]","{""due_to"": """", ""severity"": ""MOD"", ""status"": """", ""geometryType"": ""AREA"", ""forecastHour"": 3}"
gairmet|15|2026-04-13T12:00:00.000Z,TANGO,LLWS,2026-04-13 12:00:00+00:00,1970-01-01 00:00:01.776069900+00:00,1970-01-01 00:00:01.776092400+00:00,"[{""lat"": ""40.31"", ""lon"": ""-95.87""}, {""lat"": ""39.93"", ""lon"": ""-94.82""}, {""lat"": ""38.69"", ""lon"": ""-94.41""}, {""lat"": ""38.06"", ""lon"": ""-95.17""}, {""lat"": ""37.34"", ""lon"": ""-95.72""}, {""lat"": ""35.83"", ""lon"": ""-95.58""}, {""lat"": ""35.47"", ""lon"": ""-96.69""}, {""lat"": ""35.83"", ""lon"": ""-98.00""}, {""lat"": ""37.11"", ""lon"": ""-98.21""}, {""lat"": ""38.82"", ""lon"": ""-97.73""}, {""lat"": ""39.75"", ""lon"": ""-97.88""}, {""lat"": ""40.31"", ""lon"": ""-95.87""}]","{""due_to"": """", ""severity"": """", ""status"": """", ""geometryType"": ""AREA"", ""forecastHour"": 3}"
gairmet|16|2026-04-13T12:00:00.000Z,TANGO,TURB-HI,2026-04-13 12:00:00+00:00,1970-01-01 00:00:01.776069900+00:00,1970-01-01 00:00:01.776092400+00:00,"[{""lat"": ""43.53"", ""lon"": ""-76.78""}, {""lat"": ""42.23"", ""lon"": ""-76.20""}, {""lat"": ""41.45"", ""lon"": ""-76.89""}, {""lat"": ""40.07"", ""lon"": ""-78.41""}, {""lat"": ""39.23"", ""lon"": ""-79.58""}, {""lat"": ""38.70"", ""lon"": ""-81.61""}, {""lat"": ""38.24"", ""lon"": ""-83.25""}, {""lat"": ""37.54"", ""lon"": ""-84.68""}, {""lat"": ""36.58"", ""lon"": ""-85.93""}, {""lat"": ""35.18"", ""lon"": ""-86.19""}, {""lat"": ""34.37"", ""lon"": ""-86.77""}, {""lat"": ""32.84"", ""lon"": ""-88.35""}, {""lat"": ""32.44"", ""lon"": ""-89.76""}, {""lat"": ""31.94"", ""lon"": ""-91.05""}, {""lat"": ""31.38"", ""lon"": ""-92.43""}, {""lat"": ""31.90"", ""lon"": ""-92.64""}, {""lat"": ""33.79"", ""lon"": ""-92.23""}, {""lat"": ""35.30"", ""lon"": ""-91.33""}, {""lat"": ""37.44"", ""lon"": ""-89.57""}, {""lat"": ""37.86"", ""lon"": ""-87.62""}, {""lat"": ""38.22"", ""lon"": ""-86.52""}, {""lat"": ""39.25"", ""lon"": ""-85.53""}, {""lat"": ""40.20"", ""lon"": ""-84.99""}, {""lat"": ""41.46"", ""lon"": ""-84.59""}, {""lat"": ""42.50"", ""lon"": ""-83.94""}, {""lat"": ""43.41"", ""lon"": ""-82.34""}, {""lat"": ""42.68"", ""lon"": ""-82.64""}, {""lat"": ""42.09"", ""lon"": ""-83.05""}, {""lat"": ""41.60"", ""lon"": ""-82.42""}, {""lat"": ""42.84"", ""lon"": ""-78.93""}, {""lat"": ""43.51"", ""lon"": ""-79.03""}, {""lat"": ""43.53"", ""lon"": ""-76.78""}]","{""due_to"": """", ""severity"": ""MOD"", ""status"": """", ""geometryType"": ""AREA"", ""forecastHour"": 3}"
gairmet|17|2026-04-13T12:00:00.000Z,TANGO,LLWS,2026-04-13 12:00:00+00:00,1970-01-01 00:00:01.776069900+00:00,1970-01-01 00:00:01.776092400+00:00,"[{""lat"": ""46.55"", ""lon"": ""-84.53""}, {""lat"": ""45.36"", ""lon"": ""-82.32""}, {""lat"": ""44.36"", ""lon"": ""-82.33""}, {""lat"": ""43.41"", ""lon"": ""-84.16""}, {""lat"": ""42.14"", ""lon"": ""-85.77""}, {""lat"": ""42.69"", ""lon"": ""-87.29""}, {""lat"": ""44.24"", ""lon"": ""-87.31""}, {""lat"": ""45.88"", ""lon"": ""-85.94""}, {""lat"": ""46.55"", ""lon"": ""-84.53""}]","{""due_to"": """", ""severity"": """", ""status"": """", ""geometryType"": ""AREA"", ""forecastHour"": 3}"
gairmet|18|2026-04-13T12:00:00.000Z,TANGO,TURB-HI,2026-04-13 12:00:00+00:00,1970-01-01 00:00:01.776069900+00:00,1970-01-01 00:00:01.776092400+00:00,"[{""lat"": ""45.18"", ""lon"": ""-107.04""}, {""lat"": ""44.57"", ""lon"": ""-105.52""}, {""lat"": ""43.46"", ""lon"": ""-104.82""}, {""lat"": ""42.15"", ""lon"": ""-103.96""}, {""lat"": ""40.76"", ""lon"": ""-104.46""}, {""lat"": ""39.70"", ""lon"": ""-104.48""}, {""lat"": ""38.39"", ""lon"": ""-104.11""}, {""lat"": ""37.12"", ""lon"": ""-104.13""}, {""lat"": ""35.96"", ""lon"": ""-104.53""}, {""lat"": ""35.42"", ""lon"": ""-105.72""}, {""lat"": ""36.39"", ""lon"": ""-106.79""}, {""lat"": ""37.53"", ""lon"": ""-107.71""}, {""lat"": ""38.30"", ""lon"": ""-109.43""}, {""lat"": ""39.27"", ""lon"": ""-109.08""}, {""lat"": ""41.08"", ""lon"": ""-107.64""}, {""lat"": ""41.61"", ""lon"": ""-108.23""}, {""lat"": ""41.71"", ""lon"": ""-109.75""}, {""lat"": ""42.14"", ""lon"": ""-111.02""}, {""lat"": ""43.02"", ""lon"": ""-111.23""}, {""lat"": ""43.90"", ""lon"": ""-110.35""}, {""lat"": ""45.07"", ""lon"": ""-108.76""}, {""lat"": ""45.18"", ""lon"": ""-107.04""}]","{""due_to"": """", ""severity"": ""MOD"", ""status"": """", ""geometryType"": ""AREA"", ""forecastHour"": 3}"
gairmet|19|2026-04-13T12:00:00.000Z,ZULU,ICE,2026-04-13 12:00:00+00:00,1970-01-01 00:00:01.776069900+00:00,1970-01-01 00:00:01.776092400+00:00,"[{""lat"": ""47.39"", ""lon"": ""-69.32""}, {""lat"": ""47.09"", ""lon"": ""-67.75""}, {""lat"": ""45.77"", ""lon"": ""-67.74""}, {""lat"": ""44.82"", ""lon"": ""-66.82""}, {""lat"": ""40.24"", ""lon"": ""-66.84""}, {""lat"": ""40.37"", ""lon"": ""-68.10""}, {""lat"": ""41.19"", ""lon"": ""-68.74""}, {""lat"": ""41.54"", ""lon"": ""-69.63""}, {""lat"": ""41.81"", ""lon"": ""-71.27""}, {""lat"": ""41.27"", ""lon"": ""-73.29""}, {""lat"": ""41.58"", ""lon"": ""-75.00""}, {""lat"": ""42.25"", ""lon"": ""-75.14""}, {""lat"": ""42.98"", ""lon"": ""-74.60""}, {""lat"": ""42.97"", ""lon"": ""-73.50""}, {""lat"": ""45.03"", ""lon"": ""-73.18""}, {""lat"": ""45.16"", ""lon"": ""-71.30""}, {""lat"": ""47.39"", ""lon"": ""-69.32""}]","{""due_to"": ""ICE"", ""severity"": ""MOD"", ""status"": """", ""geometryType"": ""AREA"", ""forecastHour"": 3}"
gairmet|20|2026-04-13T12:00:00.000Z,ZULU,FZLVL,2026-04-13 12:00:00+00:00,1970-01-01 00:00:01.776069900+00:00,1970-01-01 00:00:01.776092400+00:00,"[{""lat"": ""42.58"", ""lon"": ""-134.24""}, {""lat"": ""42.81"", ""lon"": ""-132.67""}, {""lat"": ""41.78"", ""lon"": ""-132.30""}, {""lat"": ""42.25"", ""lon"": ""-129.99""}, {""lat"": ""41.20"", ""lon"": ""-129.97""}, {""lat"": ""40.37"", ""lon"": ""-130.34""}, {""lat"": ""39.30"", ""lon"": ""-130.49""}, {""lat"": ""38.99"", ""lon"": ""-129.92""}, {""lat"": ""40.42"", ""lon"": ""-128.12""}, {""lat"": ""42.04"", ""lon"": ""-127.22""}, {""lat"": ""43.09"", ""lon"": ""-125.61""}, {""lat"": ""43.87"", ""lon"": ""-124.74""}, {""lat"": ""44.65"", ""lon"": ""-124.43""}, {""lat"": ""46.70"", ""lon"": ""-124.68""}, {""lat"": ""47.91"", ""lon"": ""-125.16""}, {""lat"": ""48.48"", ""lon"": ""-125.90""}, {""lat"": ""49.11"", ""lon"": ""-126.69""}, {""lat"": ""49.82"", ""lon"": ""-126.68""}, {""lat"": ""51.07"", ""lon"": ""-125.78""}]","{""due_to"": """", ""severity"": """", ""status"": """", ""geometryType"": ""LINE"", ""forecastHour"": 3}"
gairmet|21|2026-04-13T12:00:00.000Z,ZULU,FZLVL,2026-04-13 12:00:00+00:00,1970-01-01 00:00:01.776069900+00:00,1970-01-01 00:00:01.776092400+00:00,"[{""lat"": ""45.00"", ""lon"": ""-116.70""}, {""lat"": ""43.64"", ""lon"": ""-115.59""}, {""lat"": ""42.91"", ""lon"": ""-114.88""}, {""lat"": ""42.46"", ""lon"": ""-114.48""}, {""lat"": ""42.31"", ""lon"": ""-115.31""}, {""lat"": ""42.80"", ""lon"": ""-120.21""}, {""lat"": ""42.06"", ""lon"": ""-120.99""}, {""lat"": ""41.43"", ""lon"": ""-121.27""}, {""lat"": ""40.44"", ""lon"": ""-121.19""}, {""lat"": ""39.55"", ""lon"": ""-120.55""}, {""lat"": ""37.86"", ""lon"": ""-119.88""}, {""lat"": ""37.13"", ""lon"": ""-119.14""}, {""lat"": ""36.79"", ""lon"": ""-118.78""}, {""lat"": ""36.64"", ""lon"": ""-118.34""}, {""lat"": ""37.03"", ""lon"": ""-117.97""}, {""lat"": ""37.56"", ""lon"": ""-117.50""}, {""lat"": ""37.92"", ""lon"": ""-116.34""}, {""lat"": ""38.41"", ""lon"": ""-115.35""}, {""lat"": ""38.71"", ""lon"": ""-114.15""}, {""lat"": ""39.57"", ""lon"": ""-113.95""}, {""lat"": ""40.66"", ""lon"": ""-114.38""}, {""lat"": ""42.52"", ""lon"": ""-113.93""}, {""lat"": ""42.87"", ""lon"": ""-112.51""}, {""lat"": ""42.36"", ""lon"": ""-111.96""}, {""lat"": ""41.24"", ""lon"": ""-111.53""}, {""lat"": ""39.93"", ""lon"": ""-111.44""}, {""lat"": ""40.05"", ""lon"": ""-110.60""}, {""lat"": ""40.52"", ""lon"": ""-109.85""}, {""lat"": ""41.18"", ""lon"": ""-108.97""}, {""lat"": ""42.27"", ""lon"": ""-108.74""}, {""lat"": ""43.96"", ""lon"": ""-108.85""}, {""lat"": ""44.76"", ""lon"": ""-109.17""}, {""lat"": ""45.63"", ""lon"": ""-110.06""}, {""lat"": ""46.64"", ""lon"": ""-114.26""}, {""lat"": ""45.00"", ""lon"": ""-116.70""}]","{""due_to"": """", ""severity"": """", ""status"": """", ""geometryType"": ""AREA"", ""forecastHour"": 3}"
gairmet|22|2026-04-13T12:00:00.000Z,ZULU,ICE,2026-04-13 12:00:00+00:00,1970-01-01 00:00:01.776069900+00:00,1970-01-01 00:00:01.776092400+00:00,"[{""lat"": ""45.51"", ""lon"": ""-82.97""}, {""lat"": ""45.30"", ""lon"": ""-82.36""}, {""lat"": ""43.37"", ""lon"": ""-81.96""}, {""lat"": ""42.67"", ""lon"": ""-82.77""}, {""lat"": ""43.23"", ""lon"": ""-83.27""}, {""lat"": ""44.26"", ""lon"": ""-83.50""}, {""lat"": ""45.51"", ""lon"": ""-82.97""}]","{""due_to"": ""ICE"", ""severity"": ""MOD"", ""status"": """", ""geometryType"": ""AREA"", ""forecastHour"": 3}"
gairmet|23|2026-04-13T12:00:00.000Z,ZULU,FZLVL,2026-04-13 12:00:00+00:00,1970-01-01 00:00:01.776069900+00:00,1970-01-01 00:00:01.776092400+00:00,"[{""lat"": ""55.69"", ""lon"": ""-131.28""}, {""lat"": ""54.40"", ""lon"": ""-129.29""}, {""lat"": ""53.16"", ""lon"": ""-127.61""}, {""lat"": ""52.50"", ""lon"": ""-126.88""}, {""lat"": ""51.65"", ""lon"": ""-126.56""}, {""lat"": ""51.12"", ""lon"": ""-125.83""}, {""lat"": ""50.78"", ""lon"": ""-124.69""}, {""lat"": ""50.42"", ""lon"": ""-123.43""}, {""lat"": ""50.47"", ""lon"": ""-122.56""}, {""lat"": ""51.01"", ""lon"": ""-122.66""}, {""lat"": ""51.62"", ""lon"": ""-123.73""}, {""lat"": ""52.25"", ""lon"": ""-124.18""}, {""lat"": ""52.91"", ""lon"": ""-124.11""}, {""lat"": ""53.78"", ""lon"": ""-124.06""}, {""lat"": ""54.11"", ""lon"": ""-123.11""}, {""lat"": ""54.08"", ""lon"": ""-122.00""}, {""lat"": ""53.78"", ""lon"": ""-121.71""}, {""lat"": ""52.80"", ""lon"": ""-121.14""}, {""lat"": ""52.06"", ""lon"": ""-119.11""}, {""lat"": ""51.48"", ""lon"": ""-118.38""}, {""lat"": ""50.62"", ""lon"": ""-117.78""}, {""lat"": ""50.02"", ""lon"": ""-117.19""}, {""lat"": ""49.77"", ""lon"": ""-116.49""}, {""lat"": ""49.85"", ""lon"": ""-114.44""}, {""lat"": ""50.82"", ""lon"": ""-114.26""}, {""lat"": ""51.87"", ""lon"": ""-114.49""}, {""lat"": ""52.37"", ""lon"": ""-113.85""}, {""lat"": ""52.93"", ""lon"": ""-111.32""}, {""lat"": ""52.97"", ""lon"": ""-109.83""}, {""lat"": ""52.71"", ""lon"": ""-108.74""}, {""lat"": ""52.38"", ""lon"": ""-107.61""}, {""lat"": ""51.73"", ""lon"": ""-106.62""}, {""lat"": ""50.58"", ""lon"": ""-105.04""}, {""lat"": ""50.20"", ""lon"": ""-104.26""}, {""lat"": ""50.07"", ""lon"": ""-103.07""}, {""lat"": ""50.04"", ""lon"": ""-101.65""}, {""lat"": ""49.74"", ""lon"": ""-100.60""}, {""lat"": ""49.31"", ""lon"": ""-99.04""}, {""lat"": ""49.39"", ""lon"": ""-97.30""}, {""lat"": ""49.54"", ""lon"": ""-95.79""}, {""lat"": ""49.96"", ""lon"": ""-94.88""}, {""lat"": ""50.54"", ""lon"": ""-92.59""}, {""lat"": ""50.85"", ""lon"": ""-90.36""}, {""lat"": ""51.88"", ""lon"": ""-84.52""}, {""lat"": ""53.32"", ""lon"": ""-80.83""}, {""lat"": ""54.62"", ""lon"": ""-78.97""}, {""lat"": ""55.24"", ""lon"": ""-78.06""}, {""lat"": ""55.98"", ""lon"": ""-77.43""}, {""lat"": ""56.87"", ""lon"": ""-76.19""}, {""lat"": ""56.40"", ""lon"": ""-75.56""}, {""lat"": ""55.45"", ""lon"": ""-75.33""}, {""lat"": ""52.90"", ""lon"": ""-72.26""}, {""lat"": ""52.07"", ""lon"": ""-71.95""}, {""lat"": ""51.55"", ""lon"": ""-71.47""}, {""lat"": ""50.42"", ""lon"": ""-70.30""}, {""lat"": ""49.69"", ""lon"": ""-69.39""}, {""lat"": ""49.48"", ""lon"": ""-68.34""}, {""lat"": ""49.94"", ""lon"": ""-66.08""}, {""lat"": ""49.75"", ""lon"": ""-64.75""}, {""lat"": ""49.33"", ""lon"": ""-63.98""}, {""lat"": ""48.88"", ""lon"": ""-64.19""}, {""lat"": ""48.78"", ""lon"": ""-65.02""}, {""lat"": ""48.84"", ""lon"": ""-66.05""}, {""lat"": ""48.40"", ""lon"": ""-67.08""}, {""lat"": ""48.01"", ""lon"": ""-66.88""}, {""lat"": ""47.97"", ""lon"": ""-66.24""}, {""lat"": ""47.92"", ""lon"": ""-65.08""}, {""lat"": ""47.59"", ""lon"": ""-64.41""}, {""lat"": ""46.94"", ""lon"": ""-63.06""}, {""lat"": ""46.68"", ""lon"": ""-61.17""}]","{""due_to"": """", ""severity"": """", ""status"": """", ""geometryType"": ""LINE"", ""forecastHour"": 3}"
gairmet|24|2026-04-13T12:00:00.000Z,ZULU,ICE,2026-04-13 12:00:00+00:00,1970-01-01 00:00:01.776069900+00:00,1970-01-01 00:00:01.776092400+00:00,"[{""lat"": ""39.05"", ""lon"": ""-109.65""}, {""lat"": ""38.46"", ""lon"": ""-109.56""}, {""lat"": ""37.72"", ""lon"": ""-110.61""}, {""lat"": ""37.17"", ""lon"": ""-111.84""}, {""lat"": ""36.99"", ""lon"": ""-112.80""}, {""lat"": ""37.15"", ""lon"": ""-113.43""}, {""lat"": ""37.78"", ""lon"": ""-113.63""}, {""lat"": ""38.14"", ""lon"": ""-112.44""}, {""lat"": ""38.68"", ""lon"": ""-111.18""}, {""lat"": ""39.05"", ""lon"": ""-109.65""}]","{""due_to"": ""ICE"", ""severity"": ""MOD"", ""status"": """", ""geometryType"": ""AREA"", ""forecastHour"": 3}"
gairmet|25|2026-04-13T12:00:00.000Z,ZULU,FZLVL,2026-04-13 12:00:00+00:00,1970-01-01 00:00:01.776069900+00:00,1970-01-01 00:00:01.776092400+00:00,"[{""lat"": ""23.45"", ""lon"": ""-81.20""}, {""lat"": ""23.10"", ""lon"": ""-81.38""}, {""lat"": ""22.79"", ""lon"": ""-81.11""}, {""lat"": ""23.05"", ""lon"": ""-80.89""}, {""lat"": ""23.42"", ""lon"": ""-80.96""}, {""lat"": ""23.51"", ""lon"": ""-81.03""}, {""lat"": ""23.45"", ""lon"": ""-81.20""}]","{""due_to"": """", ""severity"": """", ""status"": """", ""geometryType"": ""AREA"", ""forecastHour"": 3}"
gairmet|26|2026-04-13T12:00:00.000Z,ZULU,M_FZLVL,2026-04-13 12:00:00+00:00,1970-01-01 00:00:01.776069900+00:00,1970-01-01 00:00:01.776092400+00:00,"[{""lat"": ""49.16"", ""lon"": ""-94.90""}, {""lat"": ""48.45"", ""lon"": ""-92.88""}, {""lat"": ""48.14"", ""lon"": ""-93.15""}, {""lat"": ""47.51"", ""lon"": ""-95.23""}, {""lat"": ""47.50"", ""lon"": ""-97.24""}, {""lat"": ""47.84"", ""lon"": ""-99.70""}, {""lat"": ""48.47"", ""lon"": ""-103.41""}, {""lat"": ""48.52"", ""lon"": ""-105.46""}, {""lat"": ""48.97"", ""lon"": ""-106.35""}, {""lat"": ""48.98"", ""lon"": ""-98.76""}, {""lat"": ""49.16"", ""lon"": ""-94.90""}]","{""due_to"": """", ""severity"": """", ""status"": """", ""geometryType"": ""AREA"", ""forecastHour"": 3}"
gairmet|27|2026-04-13T12:00:00.000Z,ZULU,ICE,2026-04-13 12:00:00+00:00,1970-01-01 00:00:01.776069900+00:00,1970-01-01 00:00:01.776092400+00:00,"[{""lat"": ""45.28"", ""lon"": ""-110.28""}, {""lat"": ""45.01"", ""lon"": ""-107.62""}, {""lat"": ""43.81"", ""lon"": ""-107.62""}, {""lat"": ""42.80"", ""lon"": ""-108.98""}, {""lat"": ""41.83"", ""lon"": ""-109.62""}, {""lat"": ""40.64"", ""lon"": ""-111.35""}, {""lat"": ""40.94"", ""lon"": ""-111.90""}, {""lat"": ""41.88"", ""lon"": ""-112.53""}, {""lat"": ""42.56"", ""lon"": ""-112.11""}, {""lat"": ""43.80"", ""lon"": ""-111.60""}, {""lat"": ""44.73"", ""lon"": ""-111.26""}, {""lat"": ""45.28"", ""lon"": ""-110.28""}]","{""due_to"": ""ICE"", ""severity"": ""MOD"", ""status"": """", ""geometryType"": ""AREA"", ""forecastHour"": 3}"
gairmet|28|2026-04-13T12:00:00.000Z,ZULU,FZLVL,2026-04-13 12:00:00+00:00,1970-01-01 00:00:01.776069900+00:00,1970-01-01 00:00:01.776092400+00:00,"[{""lat"": ""52.40"", ""lon"": ""-115.57""}, {""lat"": ""52.29"", ""lon"": ""-113.59""}, {""lat"": ""51.95"", ""lon"": ""-111.24""}, {""lat"": ""51.37"", ""lon"": ""-108.83""}, {""lat"": ""50.70"", ""lon"": ""-107.56""}, {""lat"": ""49.56"", ""lon"": ""-106.72""}, {""lat"": ""49.05"", ""lon"": ""-106.02""}, {""lat"": ""48.82"", ""lon"": ""-104.46""}, {""lat"": ""48.49"", ""lon"": ""-100.77""}, {""lat"": ""48.07"", ""lon"": ""-97.88""}, {""lat"": ""47.83"", ""lon"": ""-96.30""}, {""lat"": ""48.15"", ""lon"": ""-94.50""}, {""lat"": ""49.13"", ""lon"": ""-92.38""}, {""lat"": ""49.80"", ""lon"": ""-88.89""}, {""lat"": ""50.34"", ""lon"": ""-86.24""}, {""lat"": ""51.15"", ""lon"": ""-83.08""}, {""lat"": ""51.95"", ""lon"": ""-80.82""}, {""lat"": ""52.60"", ""lon"": ""-79.69""}, {""lat"": ""53.14"", ""lon"": ""-78.19""}, {""lat"": ""53.04"", ""lon"": ""-77.30""}, {""lat"": ""52.49"", ""lon"": ""-75.87""}, {""lat"": ""51.36"", ""lon"": ""-72.83""}, {""lat"": ""50.69"", ""lon"": ""-72.20""}, {""lat"": ""50.17"", ""lon"": ""-70.99""}, {""lat"": ""48.87"", ""lon"": ""-68.09""}, {""lat"": ""47.14"", ""lon"": ""-67.55""}, {""lat"": ""45.37"", ""lon"": ""-65.70""}, {""lat"": ""44.60"", ""lon"": ""-65.01""}, {""lat"": ""43.82"", ""lon"": ""-64.63""}, {""lat"": ""43.56"", ""lon"": ""-64.17""}, {""lat"": ""43.63"", ""lon"": ""-63.36""}, {""lat"": ""44.16"", ""lon"": ""-62.07""}]","{""due_to"": """", ""severity"": """", ""status"": """", ""geometryType"": ""LINE"", ""forecastHour"": 3}"
gairmet|29|2026-04-13T12:00:00.000Z,ZULU,FZLVL,2026-04-13 12:00:00+00:00,1970-01-01 00:00:01.776069900+00:00,1970-01-01 00:00:01.776092400+00:00,"[{""lat"": ""27.70"", ""lon"": ""-129.17""}, {""lat"": ""27.99"", ""lon"": ""-126.79""}, {""lat"": ""28.22"", ""lon"": ""-125.19""}, {""lat"": ""28.25"", ""lon"": ""-123.79""}, {""lat"": ""29.96"", ""lon"": ""-116.12""}, {""lat"": ""30.05"", ""lon"": ""-115.57""}, {""lat"": ""29.52"", ""lon"": ""-115.59""}, {""lat"": ""28.96"", ""lon"": ""-116.16""}, {""lat"": ""28.47"", ""lon"": ""-116.25""}, {""lat"": ""29.00"", ""lon"": ""-112.14""}, {""lat"": ""29.16"", ""lon"": ""-110.09""}, {""lat"": ""29.24"", ""lon"": ""-109.17""}, {""lat"": ""29.66"", ""lon"": ""-108.75""}, {""lat"": ""31.36"", ""lon"": ""-108.18""}, {""lat"": ""32.00"", ""lon"": ""-107.46""}, {""lat"": ""32.43"", ""lon"": ""-106.60""}, {""lat"": ""33.71"", ""lon"": ""-105.78""}, {""lat"": ""34.60"", ""lon"": ""-104.26""}, {""lat"": ""35.57"", ""lon"": ""-102.78""}, {""lat"": ""36.19"", ""lon"": ""-102.67""}, {""lat"": ""36.61"", ""lon"": ""-103.02""}, {""lat"": ""37.29"", ""lon"": ""-103.63""}, {""lat"": ""39.80"", ""lon"": ""-102.17""}, {""lat"": ""41.30"", ""lon"": ""-101.28""}, {""lat"": ""41.83"", ""lon"": ""-100.49""}, {""lat"": ""42.18"", ""lon"": ""-99.23""}, {""lat"": ""42.28"", ""lon"": ""-96.50""}, {""lat"": ""41.94"", ""lon"": ""-94.60""}, {""lat"": ""41.03"", ""lon"": ""-92.68""}, {""lat"": ""40.46"", ""lon"": ""-92.19""}, {""lat"": ""39.62"", ""lon"": ""-92.36""}, {""lat"": ""39.10"", ""lon"": ""-91.87""}, {""lat"": ""39.47"", ""lon"": ""-90.96""}, {""lat"": ""39.84"", ""lon"": ""-89.09""}, {""lat"": ""39.90"", ""lon"": ""-86.68""}, {""lat"": ""40.09"", ""lon"": ""-85.38""}, {""lat"": ""39.59"", ""lon"": ""-85.37""}, {""lat"": ""38.39"", ""lon"": ""-86.40""}, {""lat"": ""37.76"", ""lon"": ""-86.43""}, {""lat"": ""37.28"", ""lon"": ""-85.83""}, {""lat"": ""36.97"", ""lon"": ""-84.68""}, {""lat"": ""37.36"", ""lon"": ""-83.75""}, {""lat"": ""37.87"", ""lon"": ""-83.03""}, {""lat"": ""38.32"", ""lon"": ""-81.85""}, {""lat"": ""37.89"", ""lon"": ""-79.64""}, {""lat"": ""37.29"", ""lon"": ""-77.98""}, {""lat"": ""36.43"", ""lon"": ""-76.00""}, {""lat"": ""36.12"", ""lon"": ""-74.84""}, {""lat"": ""36.07"", ""lon"": ""-73.18""}, {""lat"": ""36.34"", ""lon"": ""-69.55""}, {""lat"": ""36.18"", ""lon"": ""-68.32""}, {""lat"": ""35.78"", ""lon"": ""-67.35""}, {""lat"": ""34.93"", ""lon"": ""-64.91""}]","{""due_to"": """", ""severity"": """", ""status"": """", ""geometryType"": ""LINE"", ""forecastHour"": 3}"
gairmet|30|2026-04-13T12:00:00.000Z,ZULU,M_FZLVL,2026-04-13 12:00:00+00:00,1970-01-01 00:00:01.776069900+00:00,1970-01-01 00:00:01.776092400+00:00,"[{""lat"": ""33.58"", ""lon"": ""-116.93""}, {""lat"": ""33.34"", ""lon"": ""-116.54""}, {""lat"": ""32.63"", ""lon"": ""-116.10""}, {""lat"": ""32.36"", ""lon"": ""-117.11""}, {""lat"": ""30.75"", ""lon"": ""-120.67""}, {""lat"": ""31.39"", ""lon"": ""-121.21""}, {""lat"": ""31.58"", ""lon"": ""-120.14""}, {""lat"": ""31.93"", ""lon"": ""-119.42""}, {""lat"": ""32.23"", ""lon"": ""-118.54""}, {""lat"": ""32.70"", ""lon"": ""-117.26""}, {""lat"": ""33.58"", ""lon"": ""-116.93""}]","{""due_to"": """", ""severity"": """", ""status"": """", ""geometryType"": ""AREA"", ""forecastHour"": 3}"
gairmet|31|2026-04-13T12:00:00.000Z,ZULU,ICE,2026-04-13 12:00:00+00:00,1970-01-01 00:00:01.776069900+00:00,1970-01-01 00:00:01.776092400+00:00,"[{""lat"": ""49.07"", ""lon"": ""-112.83""}, {""lat"": ""48.17"", ""lon"": ""-111.80""}, {""lat"": ""47.72"", ""lon"": ""-112.31""}, {""lat"": ""47.23"", ""lon"": ""-113.95""}, {""lat"": ""46.64"", ""lon"": ""-114.99""}, {""lat"": ""46.13"", ""lon"": ""-115.08""}, {""lat"": ""45.82"", ""lon"": ""-113.81""}, {""lat"": ""44.91"", ""lon"": ""-113.65""}, {""lat"": ""43.87"", ""lon"": ""-114.25""}, {""lat"": ""43.37"", ""lon"": ""-114.74""}, {""lat"": ""42.92"", ""lon"": ""-115.91""}, {""lat"": ""42.37"", ""lon"": ""-118.21""}, {""lat"": ""42.50"", ""lon"": ""-119.66""}, {""lat"": ""43.54"", ""lon"": ""-120.58""}, {""lat"": ""44.43"", ""lon"": ""-120.23""}, {""lat"": ""45.56"", ""lon"": ""-119.47""}, {""lat"": ""46.90"", ""lon"": ""-118.69""}, {""lat"": ""47.94"", ""lon"": ""-117.43""}, {""lat"": ""49.07"", ""lon"": ""-115.18""}, {""lat"": ""49.07"", ""lon"": ""-112.83""}]","{""due_to"": ""ICE"", ""severity"": ""MOD"", ""status"": """", ""geometryType"": ""AREA"", ""forecastHour"": 3}"
gairmet|32|2026-04-13T12:00:00.000Z,ZULU,FZLVL,2026-04-13 12:00:00+00:00,1970-01-01 00:00:01.776069900+00:00,1970-01-01 00:00:01.776092400+00:00,"[{""lat"": ""40.53"", ""lon"": ""-109.36""}, {""lat"": ""41.28"", ""lon"": ""-108.30""}, {""lat"": ""43.00"", ""lon"": ""-108.38""}, {""lat"": ""44.02"", ""lon"": ""-108.08""}, {""lat"": ""45.01"", ""lon"": ""-108.58""}, {""lat"": ""45.82"", ""lon"": ""-109.39""}, {""lat"": ""46.52"", ""lon"": ""-109.67""}, {""lat"": ""47.07"", ""lon"": ""-109.14""}, {""lat"": ""47.71"", ""lon"": ""-106.35""}, {""lat"": ""47.74"", ""lon"": ""-104.27""}, {""lat"": ""47.63"", ""lon"": ""-102.47""}, {""lat"": ""47.08"", ""lon"": ""-95.50""}, {""lat"": ""47.76"", ""lon"": ""-92.91""}, {""lat"": ""48.23"", ""lon"": ""-91.63""}, {""lat"": ""48.49"", ""lon"": ""-89.48""}, {""lat"": ""48.52"", ""lon"": ""-88.01""}, {""lat"": ""48.96"", ""lon"": ""-86.80""}, {""lat"": ""49.27"", ""lon"": ""-85.25""}, {""lat"": ""49.72"", ""lon"": ""-83.79""}, {""lat"": ""50.26"", ""lon"": ""-81.02""}, {""lat"": ""51.17"", ""lon"": ""-77.87""}, {""lat"": ""51.21"", ""lon"": ""-76.36""}, {""lat"": ""51.06"", ""lon"": ""-74.63""}, {""lat"": ""50.85"", ""lon"": ""-73.75""}, {""lat"": ""50.45"", ""lon"": ""-73.32""}, {""lat"": ""49.65"", ""lon"": ""-72.31""}, {""lat"": ""49.20"", ""lon"": ""-70.62""}, {""lat"": ""48.67"", ""lon"": ""-69.91""}, {""lat"": ""47.80"", ""lon"": ""-69.05""}, {""lat"": ""46.84"", ""lon"": ""-68.69""}, {""lat"": ""45.74"", ""lon"": ""-68.52""}, {""lat"": ""45.13"", ""lon"": ""-67.59""}, {""lat"": ""44.35"", ""lon"": ""-66.84""}, {""lat"": ""43.01"", ""lon"": ""-66.40""}, {""lat"": ""41.42"", ""lon"": ""-65.42""}, {""lat"": ""40.58"", ""lon"": ""-64.70""}, {""lat"": ""39.75"", ""lon"": ""-63.51""}]","{""due_to"": """", ""severity"": """", ""status"": """", ""geometryType"": ""LINE"", ""forecastHour"": 3}"
gairmet|33|2026-04-13T12:00:00.000Z,ZULU,ICE,2026-04-13 12:00:00+00:00,1970-01-01 00:00:01.776069900+00:00,1970-01-01 00:00:01.776092400+00:00,"[{""lat"": ""48.92"", ""lon"": ""-123.35""}, {""lat"": ""48.91"", ""lon"": ""-120.72""}, {""lat"": ""47.00"", ""lon"": ""-121.41""}, {""lat"": ""45.72"", ""lon"": ""-121.52""}, {""lat"": ""43.95"", ""lon"": ""-121.82""}, {""lat"": ""43.67"", ""lon"": ""-123.05""}, {""lat"": ""44.07"", ""lon"": ""-124.33""}, {""lat"": ""45.18"", ""lon"": ""-123.57""}, {""lat"": ""46.30"", ""lon"": ""-123.06""}, {""lat"": ""47.42"", ""lon"": ""-123.15""}, {""lat"": ""48.29"", ""lon"": ""-123.63""}, {""lat"": ""48.17"", ""lon"": ""-123.01""}, {""lat"": ""48.92"", ""lon"": ""-123.35""}]","{""due_to"": ""ICE"", ""severity"": ""MOD"", ""status"": """", ""geometryType"": ""AREA"", ""forecastHour"": 3}"
gairmet|34|2026-04-13T12:00:00.000Z,ZULU,M_FZLVL,2026-04-13 12:00:00+00:00,1970-01-01 00:00:01.776069900+00:00,1970-01-01 00:00:01.776092400+00:00,"[{""lat"": ""47.35"", ""lon"": ""-68.40""}, {""lat"": ""47.23"", ""lon"": ""-67.70""}, {""lat"": ""46.32"", ""lon"": ""-67.87""}, {""lat"": ""45.03"", ""lon"": ""-66.71""}, {""lat"": ""44.79"", ""lon"": ""-67.36""}, {""lat"": ""45.94"", ""lon"": ""-68.58""}, {""lat"": ""47.35"", ""lon"": ""-68.40""}]","{""due_to"": """", ""severity"": """", ""status"": """", ""geometryType"": ""AREA"", ""forecastHour"": 3}"
gairmet|35|2026-04-13T12:00:00.000Z,ZULU,FZLVL,2026-04-13 12:00:00+00:00,1970-01-01 00:00:01.776069900+00:00,1970-01-01 00:00:01.776092400+00:00,"[{""lat"": ""19.71"", ""lon"": ""-94.38""}, {""lat"": ""20.94"", ""lon"": ""-94.05""}, {""lat"": ""21.84"", ""lon"": ""-93.43""}, {""lat"": ""23.13"", ""lon"": ""-91.82""}, {""lat"": ""23.37"", ""lon"": ""-89.83""}, {""lat"": ""23.63"", ""lon"": ""-88.46""}, {""lat"": ""23.59"", ""lon"": ""-87.02""}, {""lat"": ""23.59"", ""lon"": ""-86.01""}, {""lat"": ""24.52"", ""lon"": ""-85.49""}, {""lat"": ""25.74"", ""lon"": ""-85.22""}, {""lat"": ""26.66"", ""lon"": ""-84.60""}, {""lat"": ""27.01"", ""lon"": ""-83.38""}, {""lat"": ""26.47"", ""lon"": ""-82.74""}, {""lat"": ""25.37"", ""lon"": ""-82.04""}, {""lat"": ""24.88"", ""lon"": ""-82.50""}, {""lat"": ""23.84"", ""lon"": ""-83.13""}, {""lat"": ""22.80"", ""lon"": ""-83.10""}, {""lat"": ""22.07"", ""lon"": ""-81.96""}, {""lat"": ""21.66"", ""lon"": ""-80.84""}, {""lat"": ""21.37"", ""lon"": ""-79.51""}, {""lat"": ""20.63"", ""lon"": ""-78.77""}, {""lat"": ""18.71"", ""lon"": ""-78.05""}]","{""due_to"": """", ""severity"": """", ""status"": """", ""geometryType"": ""LINE"", ""forecastHour"": 3}"
gairmet|36|2026-04-13T12:00:00.000Z,ZULU,FZLVL,2026-04-13 12:00:00+00:00,1970-01-01 00:00:01.776069900+00:00,1970-01-01 00:00:01.776092400+00:00,"[{""lat"": ""40.30"", ""lon"": ""-118.65""}, {""lat"": ""40.45"", ""lon"": ""-118.22""}, {""lat"": ""40.56"", ""lon"": ""-117.77""}, {""lat"": ""40.34"", ""lon"": ""-117.41""}, {""lat"": ""40.06"", ""lon"": ""-117.66""}, {""lat"": ""39.94"", ""lon"": ""-117.74""}, {""lat"": ""39.75"", ""lon"": ""-118.06""}, {""lat"": ""39.59"", ""lon"": ""-118.49""}, {""lat"": ""39.78"", ""lon"": ""-118.93""}, {""lat"": ""40.14"", ""lon"": ""-118.92""}, {""lat"": ""40.30"", ""lon"": ""-118.65""}]","{""due_to"": """", ""severity"": """", ""status"": """", ""geometryType"": ""AREA"", ""forecastHour"": 3}"
gairmet|37|2026-04-13T12:00:00.000Z,ZULU,FZLVL,2026-04-13 12:00:00+00:00,1970-01-01 00:00:01.776069900+00:00,1970-01-01 00:00:01.776092400+00:00,"[{""lat"": ""29.36"", ""lon"": ""-129.66""}, {""lat"": ""29.35"", ""lon"": ""-128.14""}, {""lat"": ""29.18"", ""lon"": ""-127.10""}, {""lat"": ""29.55"", ""lon"": ""-124.55""}, {""lat"": ""29.47"", ""lon"": ""-123.30""}, {""lat"": ""29.78"", ""lon"": ""-122.03""}, {""lat"": ""30.67"", ""lon"": ""-120.09""}, {""lat"": ""31.20"", ""lon"": ""-118.97""}, {""lat"": ""31.79"", ""lon"": ""-118.16""}, {""lat"": ""32.27"", ""lon"": ""-117.03""}, {""lat"": ""33.16"", ""lon"": ""-116.69""}, {""lat"": ""34.74"", ""lon"": ""-116.09""}, {""lat"": ""35.74"", ""lon"": ""-116.34""}, {""lat"": ""36.56"", ""lon"": ""-116.04""}, {""lat"": ""37.25"", ""lon"": ""-115.30""}, {""lat"": ""37.69"", ""lon"": ""-114.42""}, {""lat"": ""38.12"", ""lon"": ""-113.21""}, {""lat"": ""38.42"", ""lon"": ""-111.81""}, {""lat"": ""39.65"", ""lon"": ""-110.61""}, {""lat"": ""40.45"", ""lon"": ""-109.50""}]","{""due_to"": """", ""severity"": """", ""status"": """", ""geometryType"": ""LINE"", ""forecastHour"": 3}"
gairmet|38|2026-04-13T12:00:00.000Z,ZULU,ICE,2026-04-13 12:00:00+00:00,1970-01-01 00:00:01.776069900+00:00,1970-01-01 00:00:01.776092400+00:00,"[{""lat"": ""45.02"", ""lon"": ""-75.05""}, {""lat"": ""45.01"", ""lon"": ""-74.25""}, {""lat"": ""44.29"", ""lon"": ""-74.67""}, {""lat"": ""42.94"", ""lon"": ""-74.60""}, {""lat"": ""42.20"", ""lon"": ""-75.19""}, {""lat"": ""42.82"", ""lon"": ""-77.05""}, {""lat"": ""41.38"", ""lon"": ""-78.08""}, {""lat"": ""39.10"", ""lon"": ""-79.71""}, {""lat"": ""37.78"", ""lon"": ""-81.31""}, {""lat"": ""36.52"", ""lon"": ""-83.36""}, {""lat"": ""36.05"", ""lon"": ""-84.86""}, {""lat"": ""36.21"", ""lon"": ""-86.17""}, {""lat"": ""36.41"", ""lon"": ""-86.78""}, {""lat"": ""37.65"", ""lon"": ""-85.55""}, {""lat"": ""38.60"", ""lon"": ""-83.87""}, {""lat"": ""39.39"", ""lon"": ""-82.56""}, {""lat"": ""40.26"", ""lon"": ""-81.21""}, {""lat"": ""41.20"", ""lon"": ""-80.52""}, {""lat"": ""42.30"", ""lon"": ""-80.77""}, {""lat"": ""42.76"", ""lon"": ""-78.95""}, {""lat"": ""43.51"", ""lon"": ""-79.22""}, {""lat"": ""43.71"", ""lon"": ""-76.84""}, {""lat"": ""45.02"", ""lon"": ""-75.05""}]","{""due_to"": ""ICE"", ""severity"": ""MOD"", ""status"": """", ""geometryType"": ""AREA"", ""forecastHour"": 3}"
gairmet|39|2026-04-13T12:00:00.000Z,ZULU,ICE,2026-04-13 12:00:00+00:00,1970-01-01 00:00:01.776069900+00:00,1970-01-01 00:00:01.776092400+00:00,"[{""lat"": ""48.99"", ""lon"": ""-101.20""}, {""lat"": ""48.07"", ""lon"": ""-99.48""}, {""lat"": ""46.86"", ""lon"": ""-97.98""}, {""lat"": ""46.30"", ""lon"": ""-97.96""}, {""lat"": ""46.36"", ""lon"": ""-99.56""}, {""lat"": ""47.03"", ""lon"": ""-102.01""}, {""lat"": ""47.59"", ""lon"": ""-104.45""}, {""lat"": ""48.08"", ""lon"": ""-106.85""}, {""lat"": ""48.13"", ""lon"": ""-108.27""}, {""lat"": ""47.95"", ""lon"": ""-109.96""}, {""lat"": ""48.17"", ""lon"": ""-110.23""}, {""lat"": ""48.98"", ""lon"": ""-109.17""}, {""lat"": ""48.93"", ""lon"": ""-104.86""}, {""lat"": ""48.99"", ""lon"": ""-101.20""}]","{""due_to"": ""ICE"", ""severity"": ""MOD"", ""status"": """", ""geometryType"": ""AREA"", ""forecastHour"": 3}"
gairmet|40|2026-04-13T12:00:00.000Z,ZULU,FZLVL,2026-04-13 12:00:00+00:00,1970-01-01 00:00:01.776069900+00:00,1970-01-01 00:00:01.776092400+00:00,"[{""lat"": ""40.42"", ""lon"": ""-107.03""}, {""lat"": ""39.92"", ""lon"": ""-107.20""}, {""lat"": ""39.28"", ""lon"": ""-107.35""}, {""lat"": ""38.84"", ""lon"": ""-107.47""}, {""lat"": ""38.44"", ""lon"": ""-107.71""}, {""lat"": ""37.73"", ""lon"": ""-108.00""}, {""lat"": ""37.32"", ""lon"": ""-107.58""}, {""lat"": ""37.09"", ""lon"": ""-106.88""}, {""lat"": ""37.06"", ""lon"": ""-106.20""}, {""lat"": ""37.52"", ""lon"": ""-105.86""}, {""lat"": ""38.04"", ""lon"": ""-105.85""}, {""lat"": ""38.60"", ""lon"": ""-105.76""}, {""lat"": ""39.31"", ""lon"": ""-105.69""}, {""lat"": ""40.00"", ""lon"": ""-105.97""}, {""lat"": ""40.34"", ""lon"": ""-106.18""}, {""lat"": ""40.71"", ""lon"": ""-106.60""}, {""lat"": ""40.42"", ""lon"": ""-107.03""}]","{""due_to"": """", ""severity"": """", ""status"": """", ""geometryType"": ""AREA"", ""forecastHour"": 3}"
