report_id_surrogate,receipt_time_utc,obs_time_utc,lat,lon,flight_level_hundreds_ft,aircraft_type,flight_phase,weather_code,visibility,turbulence_fields_json,icing_fields_json,clouds_json,raw_text
2026-04-13T11:05:36.059Z|32.1463|-81.1991|E145,2026-04-13 11:05:36.059000+00:00,2026-04-13 11:03:00+00:00,32.1463,-81.1991,0.0,E145,PIREP,,,"{""turbulence_type"": """", ""turbulence_intensity"": """", ""turbulence_base_ft_msl"": """", ""turbulence_top_ft_msl"": """", ""turbulence_freq"": """", ""turbulence_type.1"": """", ""turbulence_intensity.1"": """", ""turbulence_base_ft_msl.1"": """", ""turbulence_top_ft_msl.1"": """", ""turbulence_freq.1"": """"}","{""icing_type"": """", ""icing_intensity"": """", ""icing_base_ft_msl"": """", ""icing_top_ft_msl"": """", ""icing_type.1"": """", ""icing_intensity.1"": ""NEGclr"", ""icing_base_ft_msl.1"": """", ""icing_top_ft_msl.1"": """"}","{""sky_cover"": ""CLR"", ""cloud_base_ft_msl"": """", ""cloud_top_ft_msl"": """", ""sky_cover.1"": """", ""cloud_base_ft_msl.1"": """", ""cloud_top_ft_msl.1"": """"}",SAV UA /OV SAV/TM 1103/FLDURC/TP E145/SK CLR 
2026-04-13T11:05:36.090Z|42.9275|-76.0825|E75L,2026-04-13 11:05:36.090000+00:00,2026-04-13 11:02:00+00:00,42.9275,-76.0825,250.0,E75L,PIREP,,,"{""turbulence_type"": """", ""turbulence_intensity"": """", ""turbulence_base_ft_msl"": """", ""turbulence_top_ft_msl"": """", ""turbulence_freq"": """", ""turbulence_type.1"": """", ""turbulence_intensity.1"": """", ""turbulence_base_ft_msl.1"": """", ""turbulence_top_ft_msl.1"": """", ""turbulence_freq.1"": """"}","{""icing_type"": ""RIME"", ""icing_intensity"": ""LGT"", ""icing_base_ft_msl"": """", ""icing_top_ft_msl"": """", ""icing_type.1"": """", ""icing_intensity.1"": """", ""icing_base_ft_msl.1"": """", ""icing_top_ft_msl.1"": """"}","{""sky_cover"": """", ""cloud_base_ft_msl"": """", ""cloud_top_ft_msl"": """", ""sky_cover.1"": """", ""cloud_base_ft_msl.1"": """", ""cloud_top_ft_msl.1"": """"}",SYR UA /OV SYR170015/TM 1102/FL250/TP E75L/TA M02/IC LGT RIME 
2026-04-13T11:05:35.959Z|33.6367|-84.4279|B738,2026-04-13 11:05:35.959000+00:00,2026-04-13 11:01:00+00:00,33.6367,-84.4279,410.0,B738,PIREP,,,"{""turbulence_type"": """", ""turbulence_intensity"": ""LGT"", ""turbulence_base_ft_msl"": """", ""turbulence_top_ft_msl"": """", ""turbulence_freq"": """", ""turbulence_type.1"": """", ""turbulence_intensity.1"": ""MOD"", ""turbulence_base_ft_msl.1"": """", ""turbulence_top_ft_msl.1"": """", ""turbulence_freq.1"": """"}","{""icing_type"": """", ""icing_intensity"": """", ""icing_base_ft_msl"": """", ""icing_top_ft_msl"": """", ""icing_type.1"": """", ""icing_intensity.1"": """", ""icing_base_ft_msl.1"": """", ""icing_top_ft_msl.1"": """"}","{""sky_cover"": """", ""cloud_base_ft_msl"": """", ""cloud_top_ft_msl"": """", ""sky_cover.1"": """", ""cloud_base_ft_msl.1"": """", ""cloud_top_ft_msl.1"": """"}",ATL UA /OV GSU18005/TM 1101/FL410/TP B738/TB LGT MOD/RM ZTLFD 23 
2026-04-13T11:05:36.106Z|32.2752|-95.0058|B788,2026-04-13 11:05:36.106000+00:00,2026-04-13 11:00:00+00:00,32.2752,-95.0058,380.0,B788,PIREP,,,"{""turbulence_type"": ""CHOP"", ""turbulence_intensity"": ""LGT"", ""turbulence_base_ft_msl"": """", ""turbulence_top_ft_msl"": """", ""turbulence_freq"": """", ""turbulence_type.1"": """", ""turbulence_intensity.1"": """", ""turbulence_base_ft_msl.1"": """", ""turbulence_top_ft_msl.1"": """", ""turbulence_freq.1"": """"}","{""icing_type"": """", ""icing_intensity"": """", ""icing_base_ft_msl"": """", ""icing_top_ft_msl"": """", ""icing_type.1"": """", ""icing_intensity.1"": """", ""icing_base_ft_msl.1"": """", ""icing_top_ft_msl.1"": """"}","{""sky_cover"": """", ""cloud_base_ft_msl"": """", ""cloud_top_ft_msl"": """", ""sky_cover.1"": """", ""cloud_base_ft_msl.1"": """", ""cloud_top_ft_msl.1"": """"}",TYR UA /OV WAITT/TM 1100/FL380/TP B788/TB LGT CHOP/RM ZFW29 
2026-04-13T11:05:02.622Z|46.9206|-96.8158|CRJ7,2026-04-13 11:05:02.622000+00:00,2026-04-13 10:59:00+00:00,46.9206,-96.8158,30.0,CRJ7,PIREP,,,"{""turbulence_type"": """", ""turbulence_intensity"": """", ""turbulence_base_ft_msl"": """", ""turbulence_top_ft_msl"": """", ""turbulence_freq"": """", ""turbulence_type.1"": """", ""turbulence_intensity.1"": """", ""turbulence_base_ft_msl.1"": """", ""turbulence_top_ft_msl.1"": """", ""turbulence_freq.1"": """"}","{""icing_type"": """", ""icing_intensity"": """", ""icing_base_ft_msl"": """", ""icing_top_ft_msl"": """", ""icing_type.1"": """", ""icing_intensity.1"": """", ""icing_base_ft_msl.1"": """", ""icing_top_ft_msl.1"": """"}","{""sky_cover"": ""OVC"", ""cloud_base_ft_msl"": ""1300"", ""cloud_top_ft_msl"": ""2000"", ""sky_cover.1"": """", ""cloud_base_ft_msl.1"": """", ""cloud_top_ft_msl.1"": """"}",FAR UA /OV KFAR/TM 1059/FL030/TP CRJ7/SK OVC013-TOP020
2026-04-13T11:05:02.328Z|35.3412|-77.9647|A320,2026-04-13 11:05:02.328000+00:00,2026-04-13 10:58:00+00:00,35.3412,-77.9647,360.0,A320,PIREP,,,"{""turbulence_type"": """", ""turbulence_intensity"": ""LGT"", ""turbulence_base_ft_msl"": """", ""turbulence_top_ft_msl"": """", ""turbulence_freq"": ""CONT"", ""turbulence_type.1"": ""CHOP"", ""turbulence_intensity.1"": """", ""turbulence_base_ft_msl.1"": """", ""turbulence_top_ft_msl.1"": """", ""turbulence_freq.1"": ""OCNL""}","{""icing_type"": """", ""icing_intensity"": """", ""icing_base_ft_msl"": """", ""icing_top_ft_msl"": """", ""icing_type.1"": """", ""icing_intensity.1"": """", ""icing_base_ft_msl.1"": """", ""icing_top_ft_msl.1"": """"}","{""sky_cover"": """", ""cloud_base_ft_msl"": """", ""cloud_top_ft_msl"": """", ""sky_cover.1"": """", ""cloud_base_ft_msl.1"": """", ""cloud_top_ft_msl.1"": """"}",ISO UA /OV ISO270020/TM 1058/FL360/TP A320/TB CONS CHOP OCNL LGT
2026-04-13T11:05:02.824Z|39.4749|-76.4860|A319,2026-04-13 11:05:02.824000+00:00,2026-04-13 10:58:00+00:00,39.4749,-76.486,120.0,A319,PIREP,,,"{""turbulence_type"": """", ""turbulence_intensity"": ""LGT"", ""turbulence_base_ft_msl"": """", ""turbulence_top_ft_msl"": """", ""turbulence_freq"": """", ""turbulence_type.1"": """", ""turbulence_intensity.1"": """", ""turbulence_base_ft_msl.1"": """", ""turbulence_top_ft_msl.1"": """", ""turbulence_freq.1"": """"}","{""icing_type"": """", ""icing_intensity"": """", ""icing_base_ft_msl"": """", ""icing_top_ft_msl"": """", ""icing_type.1"": """", ""icing_intensity.1"": """", ""icing_base_ft_msl.1"": """", ""icing_top_ft_msl.1"": """"}","{""sky_cover"": """", ""cloud_base_ft_msl"": """", ""cloud_top_ft_msl"": """", ""sky_cover.1"": """", ""cloud_base_ft_msl.1"": """", ""cloud_top_ft_msl.1"": """"}",BWI UA /OV BAL035020/TM 1058/FL120/TP A319/TB LT /RM DCA CLIPR ARRIVAL
2026-04-13T11:05:02.896Z|41.6766|-70.9578|C402,2026-04-13 11:05:02.896000+00:00,2026-04-13 10:56:00+00:00,41.6766,-70.9578,0.0,C402,PIREP,,,"{""turbulence_type"": """", ""turbulence_intensity"": ""LGT"", ""turbulence_base_ft_msl"": """", ""turbulence_top_ft_msl"": ""500"", ""turbulence_freq"": """", ""turbulence_type.1"": """", ""turbulence_intensity.1"": """", ""turbulence_base_ft_msl.1"": """", ""turbulence_top_ft_msl.1"": """", ""turbulence_freq.1"": """"}","{""icing_type"": """", ""icing_intensity"": """", ""icing_base_ft_msl"": """", ""icing_top_ft_msl"": """", ""icing_type.1"": """", ""icing_intensity.1"": """", ""icing_base_ft_msl.1"": """", ""icing_top_ft_msl.1"": """"}","{""sky_cover"": """", ""cloud_base_ft_msl"": """", ""cloud_top_ft_msl"": """", ""sky_cover.1"": """", ""cloud_base_ft_msl.1"": """", ""cloud_top_ft_msl.1"": """"}",EWB UA /OV EWB/TM 1056/FLDURC/TP C402/TB LGT BLO 005
2026-04-13T11:00:03.772Z|42.4632|-75.4647|CRJ7,2026-04-13 11:00:03.772000+00:00,2026-04-13 10:55:00+00:00,42.4632,-75.4647,220.0,CRJ7,PIREP,,,"{""turbulence_type"": """", ""turbulence_intensity"": ""NEG"", ""turbulence_base_ft_msl"": """", ""turbulence_top_ft_msl"": """", ""turbulence_freq"": """", ""turbulence_type.1"": """", ""turbulence_intensity.1"": """", ""turbulence_base_ft_msl.1"": """", ""turbulence_top_ft_msl.1"": """", ""turbulence_freq.1"": """"}","{""icing_type"": """", ""icing_intensity"": """", ""icing_base_ft_msl"": """", ""icing_top_ft_msl"": """", ""icing_type.1"": """", ""icing_intensity.1"": """", ""icing_base_ft_msl.1"": """", ""icing_top_ft_msl.1"": """"}","{""sky_cover"": """", ""cloud_base_ft_msl"": """", ""cloud_top_ft_msl"": """", ""sky_cover.1"": """", ""cloud_base_ft_msl.1"": """", ""cloud_top_ft_msl.1"": """"}",BGM UA /OV RKA280010/TM 1055/FL220/TP CRJ7/TB NEG
2026-04-13T11:05:02.351Z|37.7167|-84.4725|B39M,2026-04-13 11:05:02.351000+00:00,2026-04-13 10:55:00+00:00,37.7167,-84.4725,320.0,B39M,PIREP,,,"{""turbulence_type"": ""CHOP"", ""turbulence_intensity"": ""LGT"", ""turbulence_base_ft_msl"": """", ""turbulence_top_ft_msl"": """", ""turbulence_freq"": ""CONT"", ""turbulence_type.1"": """", ""turbulence_intensity.1"": """", ""turbulence_base_ft_msl.1"": """", ""turbulence_top_ft_msl.1"": """", ""turbulence_freq.1"": """"}","{""icing_type"": """", ""icing_intensity"": """", ""icing_base_ft_msl"": """", ""icing_top_ft_msl"": """", ""icing_type.1"": """", ""icing_intensity.1"": """", ""icing_base_ft_msl.1"": """", ""icing_top_ft_msl.1"": """"}","{""sky_cover"": """", ""cloud_base_ft_msl"": """", ""cloud_top_ft_msl"": """", ""sky_cover.1"": """", ""cloud_base_ft_msl.1"": """", ""cloud_top_ft_msl.1"": """"}",LEX UA /OV HYK180015/TM 1055/FL320/TP B39M/TB CONS LGT CHOP
2026-04-13T11:00:03.812Z|31.6931|-89.7496|B39M,2026-04-13 11:00:03.812000+00:00,2026-04-13 10:54:00+00:00,31.6931,-89.7496,370.0,B39M,PIREP,,,"{""turbulence_type"": ""CHOP"", ""turbulence_intensity"": ""LGT-MOD"", ""turbulence_base_ft_msl"": """", ""turbulence_top_ft_msl"": """", ""turbulence_freq"": ""CONT"", ""turbulence_type.1"": """", ""turbulence_intensity.1"": """", ""turbulence_base_ft_msl.1"": """", ""turbulence_top_ft_msl.1"": """", ""turbulence_freq.1"": """"}","{""icing_type"": """", ""icing_intensity"": """", ""icing_base_ft_msl"": """", ""icing_top_ft_msl"": """", ""icing_type.1"": """", ""icing_intensity.1"": """", ""icing_base_ft_msl.1"": """", ""icing_top_ft_msl.1"": """"}","{""sky_cover"": """", ""cloud_base_ft_msl"": """", ""cloud_top_ft_msl"": """", ""sky_cover.1"": """", ""cloud_base_ft_msl.1"": """", ""cloud_top_ft_msl.1"": """"}",MCB UA /OV MCB045035/TM 1054/FL370/TP B39M/TB CONS LGT OCNL MOD CHOP/RM ZME 43
2026-04-13T11:05:35.992Z|41.8847|-91.7108|LJ35,2026-04-13 11:05:35.992000+00:00,2026-04-13 10:54:00+00:00,41.8847,-91.7108,9.0,LJ35,PIREP,,,"{""turbulence_type"": """", ""turbulence_intensity"": """", ""turbulence_base_ft_msl"": """", ""turbulence_top_ft_msl"": """", ""turbulence_freq"": """", ""turbulence_type.1"": """", ""turbulence_intensity.1"": """", ""turbulence_base_ft_msl.1"": """", ""turbulence_top_ft_msl.1"": """", ""turbulence_freq.1"": """"}","{""icing_type"": """", ""icing_intensity"": """", ""icing_base_ft_msl"": """", ""icing_top_ft_msl"": """", ""icing_type.1"": """", ""icing_intensity.1"": """", ""icing_base_ft_msl.1"": """", ""icing_top_ft_msl.1"": """"}","{""sky_cover"": """", ""cloud_base_ft_msl"": """", ""cloud_top_ft_msl"": ""1000"", ""sky_cover.1"": ""OVC"", ""cloud_base_ft_msl.1"": ""900"", ""cloud_top_ft_msl.1"": """"}",CID UA /OV KCID/TM 1054/FL009/TP LJ35/SK OVC009-TOP-010 
2026-04-13T10:55:04.709Z|36.6887|-80.6955|B738,2026-04-13 10:55:04.709000+00:00,2026-04-13 10:53:00+00:00,36.6887,-80.6955,360.0,B738,PIREP,,99,"{""turbulence_type"": """", ""turbulence_intensity"": """", ""turbulence_base_ft_msl"": """", ""turbulence_top_ft_msl"": """", ""turbulence_freq"": """", ""turbulence_type.1"": """", ""turbulence_intensity.1"": """", ""turbulence_base_ft_msl.1"": """", ""turbulence_top_ft_msl.1"": """", ""turbulence_freq.1"": """"}","{""icing_type"": """", ""icing_intensity"": """", ""icing_base_ft_msl"": """", ""icing_top_ft_msl"": """", ""icing_type.1"": """", ""icing_intensity.1"": ""NEGclr"", ""icing_base_ft_msl.1"": ""36000"", ""icing_top_ft_msl.1"": ""60000""}","{""sky_cover"": ""SKC"", ""cloud_base_ft_msl"": ""36000"", ""cloud_top_ft_msl"": ""60000"", ""sky_cover.1"": """", ""cloud_base_ft_msl.1"": """", ""cloud_top_ft_msl.1"": """"}",HLX UA /OV PSK184024 /TM 1053 /FL360 /TP B738 /SK SKC /WX FV99SM /TA M54 /WV 26051KT /RM PRODUCED BY SKYPATH
2026-04-13T11:00:03.832Z|43.0265|-75.1645|M38M,2026-04-13 11:00:03.832000+00:00,2026-04-13 10:53:00+00:00,43.0265,-75.1645,340.0,M38M,PIREP,,,"{""turbulence_type"": ""CHOP"", ""turbulence_intensity"": ""LGT"", ""turbulence_base_ft_msl"": """", ""turbulence_top_ft_msl"": """", ""turbulence_freq"": ""CONT"", ""turbulence_type.1"": """", ""turbulence_intensity.1"": """", ""turbulence_base_ft_msl.1"": """", ""turbulence_top_ft_msl.1"": """", ""turbulence_freq.1"": """"}","{""icing_type"": """", ""icing_intensity"": """", ""icing_base_ft_msl"": """", ""icing_top_ft_msl"": """", ""icing_type.1"": """", ""icing_intensity.1"": """", ""icing_base_ft_msl.1"": """", ""icing_top_ft_msl.1"": """"}","{""sky_cover"": """", ""cloud_base_ft_msl"": """", ""cloud_top_ft_msl"": """", ""sky_cover.1"": """", ""cloud_base_ft_msl.1"": """", ""cloud_top_ft_msl.1"": """"}",RME UA /OV UCA/TM 1053/FL340/TP M38M/TB CONS LGT CHOP
2026-04-13T10:55:04.655Z|40.2878|-84.0431|B737,2026-04-13 10:55:04.655000+00:00,2026-04-13 10:51:00+00:00,40.2878,-84.0431,190.0,B737,PIREP,,,"{""turbulence_type"": """", ""turbulence_intensity"": ""NEG"", ""turbulence_base_ft_msl"": """", ""turbulence_top_ft_msl"": ""19000"", ""turbulence_freq"": """", ""turbulence_type.1"": """", ""turbulence_intensity.1"": """", ""turbulence_base_ft_msl.1"": """", ""turbulence_top_ft_msl.1"": """", ""turbulence_freq.1"": """"}","{""icing_type"": """", ""icing_intensity"": ""NEG"", ""icing_base_ft_msl"": """", ""icing_top_ft_msl"": ""19000"", ""icing_type.1"": """", ""icing_intensity.1"": """", ""icing_base_ft_msl.1"": """", ""icing_top_ft_msl.1"": """"}","{""sky_cover"": """", ""cloud_base_ft_msl"": """", ""cloud_top_ft_msl"": """", ""sky_cover.1"": """", ""cloud_base_ft_msl.1"": """", ""cloud_top_ft_msl.1"": """"}",DAY UA /OV ROD/TM 1051/FL190/TP B737/TA M21/TB NEG 190 BLO/IC NEG 190 BLO
2026-04-13T10:55:04.532Z|38.6494|-84.3106|E175,2026-04-13 10:55:04.532000+00:00,2026-04-13 10:50:00+00:00,38.6494,-84.3106,280.0,E175,PIREP,,,"{""turbulence_type"": """", ""turbulence_intensity"": ""NEG"", ""turbulence_base_ft_msl"": """", ""turbulence_top_ft_msl"": """", ""turbulence_freq"": """", ""turbulence_type.1"": """", ""turbulence_intensity.1"": """", ""turbulence_base_ft_msl.1"": """", ""turbulence_top_ft_msl.1"": """", ""turbulence_freq.1"": """"}","{""icing_type"": """", ""icing_intensity"": """", ""icing_base_ft_msl"": """", ""icing_top_ft_msl"": """", ""icing_type.1"": """", ""icing_intensity.1"": """", ""icing_base_ft_msl.1"": """", ""icing_top_ft_msl.1"": """"}","{""sky_cover"": """", ""cloud_base_ft_msl"": """", ""cloud_top_ft_msl"": """", ""sky_cover.1"": """", ""cloud_base_ft_msl.1"": """", ""cloud_top_ft_msl.1"": """"}",LEX UA /OV FLM/TM 1050/FL280/TP E175/TB NEG/RM SMOOTH
2026-04-13T10:55:04.864Z|44.4484|-95.8248|B190,2026-04-13 10:55:04.864000+00:00,2026-04-13 10:49:00+00:00,44.4484,-95.8248,23.0,B190,PIREP,,,"{""turbulence_type"": """", ""turbulence_intensity"": """", ""turbulence_base_ft_msl"": """", ""turbulence_top_ft_msl"": """", ""turbulence_freq"": """", ""turbulence_type.1"": """", ""turbulence_intensity.1"": """", ""turbulence_base_ft_msl.1"": """", ""turbulence_top_ft_msl.1"": """", ""turbulence_freq.1"": """"}","{""icing_type"": """", ""icing_intensity"": """", ""icing_base_ft_msl"": """", ""icing_top_ft_msl"": """", ""icing_type.1"": """", ""icing_intensity.1"": """", ""icing_base_ft_msl.1"": """", ""icing_top_ft_msl.1"": """"}","{""sky_cover"": """", ""cloud_base_ft_msl"": ""200"", ""cloud_top_ft_msl"": """", ""sky_cover.1"": """", ""cloud_base_ft_msl.1"": """", ""cloud_top_ft_msl.1"": ""2300""}",MML UA /OV MML/TM 1049/FL023/TP B190/SK BASE002-TOP023
2026-04-13T11:05:02.397Z|31.5356|-94.1935|A320,2026-04-13 11:05:02.397000+00:00,2026-04-13 10:49:00+00:00,31.5356,-94.1935,270.0,A320,PIREP,,,"{""turbulence_type"": ""CHOP"", ""turbulence_intensity"": ""MOD"", ""turbulence_base_ft_msl"": """", ""turbulence_top_ft_msl"": """", ""turbulence_freq"": """", ""turbulence_type.1"": """", ""turbulence_intensity.1"": """", ""turbulence_base_ft_msl.1"": """", ""turbulence_top_ft_msl.1"": """", ""turbulence_freq.1"": """"}","{""icing_type"": """", ""icing_intensity"": """", ""icing_base_ft_msl"": """", ""icing_top_ft_msl"": """", ""icing_type.1"": """", ""icing_intensity.1"": """", ""icing_base_ft_msl.1"": """", ""icing_top_ft_msl.1"": """"}","{""sky_cover"": """", ""cloud_base_ft_msl"": """", ""cloud_top_ft_msl"": """", ""sky_cover.1"": """", ""cloud_base_ft_msl.1"": """", ""cloud_top_ft_msl.1"": """"}",LFK UA /OV LFK045035/TM 1049/FL270/TP A320/TB MOD CHOP/RM ZHU
2026-04-13T10:55:04.459Z|33.0632|-97.0239|CRJ9,2026-04-13 10:55:04.459000+00:00,2026-04-13 10:48:00+00:00,33.0632,-97.0239,33.0,CRJ9,PIREP,,,"{""turbulence_type"": """", ""turbulence_intensity"": """", ""turbulence_base_ft_msl"": """", ""turbulence_top_ft_msl"": """", ""turbulence_freq"": """", ""turbulence_type.1"": """", ""turbulence_intensity.1"": """", ""turbulence_base_ft_msl.1"": """", ""turbulence_top_ft_msl.1"": """", ""turbulence_freq.1"": """"}","{""icing_type"": """", ""icing_intensity"": """", ""icing_base_ft_msl"": """", ""icing_top_ft_msl"": """", ""icing_type.1"": """", ""icing_intensity.1"": """", ""icing_base_ft_msl.1"": """", ""icing_top_ft_msl.1"": """"}","{""sky_cover"": ""BKN"", ""cloud_base_ft_msl"": ""1800"", ""cloud_top_ft_msl"": ""3300"", ""sky_cover.1"": """", ""cloud_base_ft_msl.1"": """", ""cloud_top_ft_msl.1"": """"}",DFW UA /OV 10 N DFW/TM 1048/FL033/TP CRJ9/SK BKN018 TOPS 033
2026-04-13T11:00:03.792Z|30.3389|-81.5099|C172,2026-04-13 11:00:03.792000+00:00,2026-04-13 10:48:00+00:00,30.3389,-81.5099,0.0,C172,PIREP,,,"{""turbulence_type"": """", ""turbulence_intensity"": """", ""turbulence_base_ft_msl"": """", ""turbulence_top_ft_msl"": """", ""turbulence_freq"": """", ""turbulence_type.1"": """", ""turbulence_intensity.1"": """", ""turbulence_base_ft_msl.1"": """", ""turbulence_top_ft_msl.1"": """", ""turbulence_freq.1"": """"}","{""icing_type"": """", ""icing_intensity"": """", ""icing_base_ft_msl"": """", ""icing_top_ft_msl"": """", ""icing_type.1"": """", ""icing_intensity.1"": ""NEGclr"", ""icing_base_ft_msl.1"": """", ""icing_top_ft_msl.1"": """"}","{""sky_cover"": ""CLR"", ""cloud_base_ft_msl"": """", ""cloud_top_ft_msl"": """", ""sky_cover.1"": """", ""cloud_base_ft_msl.1"": """", ""cloud_top_ft_msl.1"": """"}",JAX UA /OV CRG/TM 1048/FLDURC/TP C172/SK CLR
2026-04-13T11:05:02.693Z|42.4500|-82.8504|A319,2026-04-13 11:05:02.693000+00:00,2026-04-13 10:48:00+00:00,42.45,-82.8504,70.0,A319,PIREP,,,"{""turbulence_type"": """", ""turbulence_intensity"": ""LGT-MOD"", ""turbulence_base_ft_msl"": """", ""turbulence_top_ft_msl"": """", ""turbulence_freq"": """", ""turbulence_type.1"": """", ""turbulence_intensity.1"": """", ""turbulence_base_ft_msl.1"": """", ""turbulence_top_ft_msl.1"": """", ""turbulence_freq.1"": """"}","{""icing_type"": """", ""icing_intensity"": """", ""icing_base_ft_msl"": """", ""icing_top_ft_msl"": """", ""icing_type.1"": """", ""icing_intensity.1"": """", ""icing_base_ft_msl.1"": """", ""icing_top_ft_msl.1"": """"}","{""sky_cover"": """", ""cloud_base_ft_msl"": """", ""cloud_top_ft_msl"": """", ""sky_cover.1"": """", ""cloud_base_ft_msl.1"": """", ""cloud_top_ft_msl.1"": """"}",DTW UA /OV DXO064027/TM 1048/FL070/TP A319/TB LGT/MOD
2026-04-13T10:55:04.908Z|42.7473|-73.8032|B789,2026-04-13 10:55:04.908000+00:00,2026-04-13 10:47:00+00:00,42.7473,-73.8032,160.0,B789,PIREP,,,"{""turbulence_type"": """", ""turbulence_intensity"": ""NEG"", ""turbulence_base_ft_msl"": ""16000"", ""turbulence_top_ft_msl"": ""24000"", ""turbulence_freq"": """", ""turbulence_type.1"": """", ""turbulence_intensity.1"": """", ""turbulence_base_ft_msl.1"": """", ""turbulence_top_ft_msl.1"": """", ""turbulence_freq.1"": """"}","{""icing_type"": """", ""icing_intensity"": """", ""icing_base_ft_msl"": """", ""icing_top_ft_msl"": """", ""icing_type.1"": """", ""icing_intensity.1"": """", ""icing_base_ft_msl.1"": """", ""icing_top_ft_msl.1"": """"}","{""sky_cover"": """", ""cloud_base_ft_msl"": """", ""cloud_top_ft_msl"": """", ""sky_cover.1"": """", ""cloud_base_ft_msl.1"": """", ""cloud_top_ft_msl.1"": """"}",ALB UA /OV ALB/TM 1047/FL160/TP B789/TB NEG 240-160
2026-04-13T10:55:04.511Z|43.3895|-99.8412|CL60,2026-04-13 10:55:04.511000+00:00,2026-04-13 10:46:00+00:00,43.3895,-99.8412,380.0,CL60,PIREP,,,"{""turbulence_type"": """", ""turbulence_intensity"": ""NEG"", ""turbulence_base_ft_msl"": """", ""turbulence_top_ft_msl"": """", ""turbulence_freq"": """", ""turbulence_type.1"": """", ""turbulence_intensity.1"": """", ""turbulence_base_ft_msl.1"": """", ""turbulence_top_ft_msl.1"": """", ""turbulence_freq.1"": """"}","{""icing_type"": """", ""icing_intensity"": """", ""icing_base_ft_msl"": """", ""icing_top_ft_msl"": """", ""icing_type.1"": """", ""icing_intensity.1"": """", ""icing_base_ft_msl.1"": """", ""icing_top_ft_msl.1"": """"}","{""sky_cover"": """", ""cloud_base_ft_msl"": """", ""cloud_top_ft_msl"": ""35000"", ""sky_cover.1"": """", ""cloud_base_ft_msl.1"": """", ""cloud_top_ft_msl.1"": """"}",ICR UA /OV ICR/TM 1046/FL380/TP CL60/SK TOP350/TB NEG
2026-04-13T10:50:06.571Z|42.7773|-85.6369|B737,2026-04-13 10:50:06.571000+00:00,2026-04-13 10:45:00+00:00,42.7773,-85.6369,57.0,B737,PIREP,,,"{""turbulence_type"": ""CHOP"", ""turbulence_intensity"": """", ""turbulence_base_ft_msl"": """", ""turbulence_top_ft_msl"": """", ""turbulence_freq"": """", ""turbulence_type.1"": """", ""turbulence_intensity.1"": """", ""turbulence_base_ft_msl.1"": """", ""turbulence_top_ft_msl.1"": """", ""turbulence_freq.1"": """"}","{""icing_type"": """", ""icing_intensity"": """", ""icing_base_ft_msl"": """", ""icing_top_ft_msl"": """", ""icing_type.1"": """", ""icing_intensity.1"": """", ""icing_base_ft_msl.1"": """", ""icing_top_ft_msl.1"": """"}","{""sky_cover"": """", ""cloud_base_ft_msl"": """", ""cloud_top_ft_msl"": """", ""sky_cover.1"": """", ""cloud_base_ft_msl.1"": """", ""cloud_top_ft_msl.1"": """"}",GRR UA /OV 8 SW GRR/TM 1045/FL057/TP B737/SK B015 T055/TB - CHOP
2026-04-13T10:55:04.428Z|38.7678|-84.6698|B737,2026-04-13 10:55:04.428000+00:00,2026-04-13 10:45:00+00:00,38.7678,-84.6698,110.0,B737,PIREP,,,"{""turbulence_type"": """", ""turbulence_intensity"": """", ""turbulence_base_ft_msl"": """", ""turbulence_top_ft_msl"": """", ""turbulence_freq"": """", ""turbulence_type.1"": """", ""turbulence_intensity.1"": """", ""turbulence_base_ft_msl.1"": """", ""turbulence_top_ft_msl.1"": """", ""turbulence_freq.1"": """"}","{""icing_type"": """", ""icing_intensity"": ""NEG"", ""icing_base_ft_msl"": """", ""icing_top_ft_msl"": """", ""icing_type.1"": """", ""icing_intensity.1"": """", ""icing_base_ft_msl.1"": """", ""icing_top_ft_msl.1"": """"}","{""sky_cover"": """", ""cloud_base_ft_msl"": """", ""cloud_top_ft_msl"": """", ""sky_cover.1"": """", ""cloud_base_ft_msl.1"": """", ""cloud_top_ft_msl.1"": """"}",CVG UA /OV CVG178015/TM 1045/FL110/TP B737/IC NEG
2026-04-13T10:55:04.937Z|38.4603|-81.1488|E135,2026-04-13 10:55:04.937000+00:00,2026-04-13 10:44:00+00:00,38.4603,-81.1488,205.0,E135,PIREP,,,"{""turbulence_type"": """", ""turbulence_intensity"": """", ""turbulence_base_ft_msl"": """", ""turbulence_top_ft_msl"": """", ""turbulence_freq"": """", ""turbulence_type.1"": """", ""turbulence_intensity.1"": """", ""turbulence_base_ft_msl.1"": """", ""turbulence_top_ft_msl.1"": """", ""turbulence_freq.1"": """"}","{""icing_type"": ""RIME"", ""icing_intensity"": ""LGT"", ""icing_base_ft_msl"": ""17000"", ""icing_top_ft_msl"": ""20000"", ""icing_type.1"": """", ""icing_intensity.1"": """", ""icing_base_ft_msl.1"": """", ""icing_top_ft_msl.1"": """"}","{""sky_cover"": """", ""cloud_base_ft_msl"": """", ""cloud_top_ft_msl"": """", ""sky_cover.1"": """", ""cloud_base_ft_msl.1"": """", ""cloud_top_ft_msl.1"": """"}",CRW UA /OV HVQ080030/TM 1044/FL205/TP E135/TA M19/IC LGT RIME 170-200/RM DURC
2026-04-13T10:55:04.885Z|41.0967|-102.9830|B772,2026-04-13 10:55:04.885000+00:00,2026-04-13 10:42:00+00:00,41.0967,-102.983,350.0,B772,PIREP,,,"{""turbulence_type"": """", ""turbulence_intensity"": ""NEG"", ""turbulence_base_ft_msl"": """", ""turbulence_top_ft_msl"": """", ""turbulence_freq"": """", ""turbulence_type.1"": """", ""turbulence_intensity.1"": """", ""turbulence_base_ft_msl.1"": """", ""turbulence_top_ft_msl.1"": """", ""turbulence_freq.1"": """"}","{""icing_type"": """", ""icing_intensity"": """", ""icing_base_ft_msl"": """", ""icing_top_ft_msl"": """", ""icing_type.1"": """", ""icing_intensity.1"": """", ""icing_base_ft_msl.1"": """", ""icing_top_ft_msl.1"": """"}","{""sky_cover"": """", ""cloud_base_ft_msl"": """", ""cloud_top_ft_msl"": """", ""sky_cover.1"": """", ""cloud_base_ft_msl.1"": """", ""cloud_top_ft_msl.1"": """"}",SNY UA /OV SNY/TM 1042/FL350/TP B772/TB NEG/RM ZDVWC-35
2026-04-13T10:50:06.550Z|40.5830|-74.7418|A321,2026-04-13 10:50:06.550000+00:00,2026-04-13 10:41:00+00:00,40.583,-74.7418,340.0,A321,PIREP,,,"{""turbulence_type"": ""CHOP"", ""turbulence_intensity"": ""LGT-MOD"", ""turbulence_base_ft_msl"": """", ""turbulence_top_ft_msl"": """", ""turbulence_freq"": ""CONT"", ""turbulence_type.1"": """", ""turbulence_intensity.1"": """", ""turbulence_base_ft_msl.1"": """", ""turbulence_top_ft_msl.1"": """", ""turbulence_freq.1"": """"}","{""icing_type"": """", ""icing_intensity"": """", ""icing_base_ft_msl"": """", ""icing_top_ft_msl"": """", ""icing_type.1"": """", ""icing_intensity.1"": """", ""icing_base_ft_msl.1"": """", ""icing_top_ft_msl.1"": """"}","{""sky_cover"": """", ""cloud_base_ft_msl"": """", ""cloud_top_ft_msl"": """", ""sky_cover.1"": """", ""cloud_base_ft_msl.1"": """", ""cloud_top_ft_msl.1"": """"}",FWN UA /OV SBJ/TM 1041/FL340/TP A321/TB CONS LGT-MOD CHOP
2026-04-13T10:55:04.744Z|37.1041|-111.4869|B772,2026-04-13 10:55:04.744000+00:00,2026-04-13 10:41:00+00:00,37.1041,-111.4869,370.0,B772,PIREP,,,"{""turbulence_type"": """", ""turbulence_intensity"": ""NEG"", ""turbulence_base_ft_msl"": """", ""turbulence_top_ft_msl"": """", ""turbulence_freq"": """", ""turbulence_type.1"": """", ""turbulence_intensity.1"": """", ""turbulence_base_ft_msl.1"": """", ""turbulence_top_ft_msl.1"": """", ""turbulence_freq.1"": """"}","{""icing_type"": """", ""icing_intensity"": """", ""icing_base_ft_msl"": """", ""icing_top_ft_msl"": """", ""icing_type.1"": """", ""icing_intensity.1"": """", ""icing_base_ft_msl.1"": """", ""icing_top_ft_msl.1"": """"}","{""sky_cover"": """", ""cloud_base_ft_msl"": """", ""cloud_top_ft_msl"": """", ""sky_cover.1"": """", ""cloud_base_ft_msl.1"": """", ""cloud_top_ft_msl.1"": """"}",PGA UA /OV TBC335060/TM 1041/FL370/TP B772/TB NEG/RM ZDVWC-37
2026-04-13T10:50:06.594Z|41.5440|-83.7936|CL35,2026-04-13 10:50:06.594000+00:00,2026-04-13 10:40:00+00:00,41.544,-83.7936,0.0,CL35,PIREP,,,"{""turbulence_type"": """", ""turbulence_intensity"": """", ""turbulence_base_ft_msl"": """", ""turbulence_top_ft_msl"": """", ""turbulence_freq"": """", ""turbulence_type.1"": """", ""turbulence_intensity.1"": """", ""turbulence_base_ft_msl.1"": """", ""turbulence_top_ft_msl.1"": """", ""turbulence_freq.1"": """"}","{""icing_type"": """", ""icing_intensity"": """", ""icing_base_ft_msl"": """", ""icing_top_ft_msl"": """", ""icing_type.1"": """", ""icing_intensity.1"": """", ""icing_base_ft_msl.1"": """", ""icing_top_ft_msl.1"": """"}","{""sky_cover"": ""OVC"", ""cloud_base_ft_msl"": ""5500"", ""cloud_top_ft_msl"": """", ""sky_cover.1"": """", ""cloud_base_ft_msl.1"": """", ""cloud_top_ft_msl.1"": """"}",TOL UA /OV 3S TOL/TM 1040/FLDURC/TP CL35/SK OVC055
2026-04-13T10:55:04.491Z|37.9356|-89.3121|B38M,2026-04-13 10:55:04.491000+00:00,2026-04-13 10:38:00+00:00,37.9356,-89.3121,270.0,B38M,PIREP,,,"{""turbulence_type"": ""CHOP"", ""turbulence_intensity"": ""LGT"", ""turbulence_base_ft_msl"": """", ""turbulence_top_ft_msl"": """", ""turbulence_freq"": ""CONT"", ""turbulence_type.1"": """", ""turbulence_intensity.1"": """", ""turbulence_base_ft_msl.1"": """", ""turbulence_top_ft_msl.1"": """", ""turbulence_freq.1"": """"}","{""icing_type"": """", ""icing_intensity"": """", ""icing_base_ft_msl"": """", ""icing_top_ft_msl"": """", ""icing_type.1"": """", ""icing_intensity.1"": """", ""icing_base_ft_msl.1"": """", ""icing_top_ft_msl.1"": """"}","{""sky_cover"": """", ""cloud_base_ft_msl"": """", ""cloud_top_ft_msl"": """", ""sky_cover.1"": """", ""cloud_base_ft_msl.1"": """", ""cloud_top_ft_msl.1"": """"}",ENL UA /OV ENL190030/TM 1038/FL270/TP B38M/TB CONS LGT CHOP DURC 270-300/RM ZKC/FDC/DL
2026-04-13T11:05:36.027Z|41.4482|-90.5078|CRJ9,2026-04-13 11:05:36.027000+00:00,2026-04-13 10:38:00+00:00,41.4482,-90.5078,0.0,CRJ9,PIREP,,,"{""turbulence_type"": """", ""turbulence_intensity"": """", ""turbulence_base_ft_msl"": """", ""turbulence_top_ft_msl"": """", ""turbulence_freq"": """", ""turbulence_type.1"": """", ""turbulence_intensity.1"": """", ""turbulence_base_ft_msl.1"": """", ""turbulence_top_ft_msl.1"": """", ""turbulence_freq.1"": """"}","{""icing_type"": """", ""icing_intensity"": """", ""icing_base_ft_msl"": """", ""icing_top_ft_msl"": """", ""icing_type.1"": """", ""icing_intensity.1"": ""NEGclr"", ""icing_base_ft_msl.1"": """", ""icing_top_ft_msl.1"": """"}","{""sky_cover"": ""CLR"", ""cloud_base_ft_msl"": """", ""cloud_top_ft_msl"": """", ""sky_cover.1"": """", ""cloud_base_ft_msl.1"": """", ""cloud_top_ft_msl.1"": """"}",MLI UA /OV MLI/TM 1038/FLDURC/TP CRJ9/SK CLR 
2026-04-13T10:40:05.452Z|27.9038|-97.4449|E75L,2026-04-13 10:40:05.452000+00:00,2026-04-13 10:36:00+00:00,27.9038,-97.4449,60.0,E75L,PIREP,,,"{""turbulence_type"": """", ""turbulence_intensity"": """", ""turbulence_base_ft_msl"": """", ""turbulence_top_ft_msl"": """", ""turbulence_freq"": """", ""turbulence_type.1"": """", ""turbulence_intensity.1"": """", ""turbulence_base_ft_msl.1"": """", ""turbulence_top_ft_msl.1"": """", ""turbulence_freq.1"": """"}","{""icing_type"": """", ""icing_intensity"": """", ""icing_base_ft_msl"": """", ""icing_top_ft_msl"": """", ""icing_type.1"": """", ""icing_intensity.1"": """", ""icing_base_ft_msl.1"": """", ""icing_top_ft_msl.1"": """"}","{""sky_cover"": ""BKN"", ""cloud_base_ft_msl"": ""2200"", ""cloud_top_ft_msl"": ""4000"", ""sky_cover.1"": """", ""cloud_base_ft_msl.1"": """", ""cloud_top_ft_msl.1"": """"}",CRP UA /OV 2 SE/TM 1036/FL060/TP E75L/SK BKN022 TOPS040
2026-04-13T10:40:05.298Z|32.3715|-97.9129|CRJ7,2026-04-13 10:40:05.298000+00:00,2026-04-13 10:34:00+00:00,32.3715,-97.9129,210.0,CRJ7,PIREP,,,"{""turbulence_type"": """", ""turbulence_intensity"": ""NEG"", ""turbulence_base_ft_msl"": """", ""turbulence_top_ft_msl"": """", ""turbulence_freq"": """", ""turbulence_type.1"": """", ""turbulence_intensity.1"": """", ""turbulence_base_ft_msl.1"": """", ""turbulence_top_ft_msl.1"": """", ""turbulence_freq.1"": """"}","{""icing_type"": """", ""icing_intensity"": """", ""icing_base_ft_msl"": """", ""icing_top_ft_msl"": """", ""icing_type.1"": """", ""icing_intensity.1"": """", ""icing_base_ft_msl.1"": """", ""icing_top_ft_msl.1"": """"}","{""sky_cover"": """", ""cloud_base_ft_msl"": """", ""cloud_top_ft_msl"": """", ""sky_cover.1"": """", ""cloud_base_ft_msl.1"": """", ""cloud_top_ft_msl.1"": """"}",SEP UA /OV DARRB/TM 1034/FL210/TP CRJ7/TB NEG/RM DURD. ZFW62
2026-04-13T10:40:05.437Z|31.5501|-97.8801|B738,2026-04-13 10:40:05.437000+00:00,2026-04-13 10:33:00+00:00,31.5501,-97.8801,336.0,B738,PIREP,,,"{""turbulence_type"": """", ""turbulence_intensity"": ""NEG"", ""turbulence_base_ft_msl"": """", ""turbulence_top_ft_msl"": """", ""turbulence_freq"": """", ""turbulence_type.1"": """", ""turbulence_intensity.1"": """", ""turbulence_base_ft_msl.1"": """", ""turbulence_top_ft_msl.1"": """", ""turbulence_freq.1"": """"}","{""icing_type"": """", ""icing_intensity"": """", ""icing_base_ft_msl"": """", ""icing_top_ft_msl"": """", ""icing_type.1"": """", ""icing_intensity.1"": """", ""icing_base_ft_msl.1"": """", ""icing_top_ft_msl.1"": """"}","{""sky_cover"": """", ""cloud_base_ft_msl"": """", ""cloud_top_ft_msl"": """", ""sky_cover.1"": """", ""cloud_base_ft_msl.1"": """", ""cloud_top_ft_msl.1"": """"}",ACT UA /OV ACT249032/TM 1033/FL336/TP B738/TB NEG/RM DURC. ZFW62
2026-04-13T10:40:05.366Z|42.8257|-77.1658|CRJ9,2026-04-13 10:40:05.366000+00:00,2026-04-13 10:33:00+00:00,42.8257,-77.1658,220.0,CRJ9,PIREP,,,"{""turbulence_type"": """", ""turbulence_intensity"": """", ""turbulence_base_ft_msl"": """", ""turbulence_top_ft_msl"": """", ""turbulence_freq"": """", ""turbulence_type.1"": """", ""turbulence_intensity.1"": """", ""turbulence_base_ft_msl.1"": """", ""turbulence_top_ft_msl.1"": """", ""turbulence_freq.1"": """"}","{""icing_type"": ""RIME"", ""icing_intensity"": ""MOD"", ""icing_base_ft_msl"": ""17000"", ""icing_top_ft_msl"": ""22000"", ""icing_type.1"": """", ""icing_intensity.1"": """", ""icing_base_ft_msl.1"": """", ""icing_top_ft_msl.1"": """"}","{""sky_cover"": """", ""cloud_base_ft_msl"": """", ""cloud_top_ft_msl"": """", ""sky_cover.1"": """", ""cloud_base_ft_msl.1"": """", ""cloud_top_ft_msl.1"": """"}",DSV UA /OV GEE100025/TM 1033/FL220/TP CRJ9/TA UNKN/IC MOD RIME 170-220/RM DURC ZOB
2026-04-13T10:40:24.839Z|43.1180|-77.6728|CRJ9,2026-04-13 10:40:24.839000+00:00,2026-04-13 10:33:00+00:00,43.118,-77.6728,200.0,CRJ9,PIREP,,,"{""turbulence_type"": """", ""turbulence_intensity"": """", ""turbulence_base_ft_msl"": """", ""turbulence_top_ft_msl"": """", ""turbulence_freq"": """", ""turbulence_type.1"": """", ""turbulence_intensity.1"": """", ""turbulence_base_ft_msl.1"": """", ""turbulence_top_ft_msl.1"": """", ""turbulence_freq.1"": """"}","{""icing_type"": ""RIME"", ""icing_intensity"": ""MOD"", ""icing_base_ft_msl"": ""17000"", ""icing_top_ft_msl"": ""22000"", ""icing_type.1"": """", ""icing_intensity.1"": """", ""icing_base_ft_msl.1"": """", ""icing_top_ft_msl.1"": """"}","{""sky_cover"": """", ""cloud_base_ft_msl"": """", ""cloud_top_ft_msl"": """", ""sky_cover.1"": """", ""cloud_base_ft_msl.1"": """", ""cloud_top_ft_msl.1"": """"}",ROC UA /OV ROC/TM 1033/FL200/TP CRJ9/TA M17/IC MOD RIME 170-220
2026-04-13T10:45:03.977Z|30.5294|-81.9743|B738,2026-04-13 10:45:03.977000+00:00,2026-04-13 10:33:00+00:00,30.5294,-81.9743,120.0,B738,PIREP,,,"{""turbulence_type"": """", ""turbulence_intensity"": ""NEG"", ""turbulence_base_ft_msl"": """", ""turbulence_top_ft_msl"": """", ""turbulence_freq"": """", ""turbulence_type.1"": """", ""turbulence_intensity.1"": """", ""turbulence_base_ft_msl.1"": """", ""turbulence_top_ft_msl.1"": """", ""turbulence_freq.1"": """"}","{""icing_type"": """", ""icing_intensity"": """", ""icing_base_ft_msl"": """", ""icing_top_ft_msl"": """", ""icing_type.1"": """", ""icing_intensity.1"": """", ""icing_base_ft_msl.1"": """", ""icing_top_ft_msl.1"": """"}","{""sky_cover"": """", ""cloud_base_ft_msl"": """", ""cloud_top_ft_msl"": """", ""sky_cover.1"": """", ""cloud_base_ft_msl.1"": """", ""cloud_top_ft_msl.1"": """"}",JAX UA /OV TAY090030/TM 1033/FL120/TP B738/TB NEG
2026-04-13T10:40:24.864Z|40.1511|-82.5883|E75L,2026-04-13 10:40:24.864000+00:00,2026-04-13 10:30:00+00:00,40.1511,-82.5883,190.0,E75L,PIREP,,,"{""turbulence_type"": ""CHOP"", ""turbulence_intensity"": ""LGT"", ""turbulence_base_ft_msl"": """", ""turbulence_top_ft_msl"": """", ""turbulence_freq"": """", ""turbulence_type.1"": """", ""turbulence_intensity.1"": """", ""turbulence_base_ft_msl.1"": """", ""turbulence_top_ft_msl.1"": """", ""turbulence_freq.1"": """"}","{""icing_type"": """", ""icing_intensity"": ""TRC"", ""icing_base_ft_msl"": """", ""icing_top_ft_msl"": """", ""icing_type.1"": """", ""icing_intensity.1"": """", ""icing_base_ft_msl.1"": """", ""icing_top_ft_msl.1"": """"}","{""sky_cover"": """", ""cloud_base_ft_msl"": """", ""cloud_top_ft_msl"": """", ""sky_cover.1"": """", ""cloud_base_ft_msl.1"": """", ""cloud_top_ft_msl.1"": """"}",CMH UA /OV APE/TM 1030/FL190/TP E75L/TA M07/TB LGT CHOP/IC TRACE /RM DURC
2026-04-13T10:40:24.890Z|32.6902|-77.9778|A20N,2026-04-13 10:40:24.890000+00:00,2026-04-13 10:30:00+00:00,32.6902,-77.9778,370.0,A20N,PIREP,,,"{""turbulence_type"": """", ""turbulence_intensity"": ""NEG"", ""turbulence_base_ft_msl"": """", ""turbulence_top_ft_msl"": """", ""turbulence_freq"": """", ""turbulence_type.1"": """", ""turbulence_intensity.1"": """", ""turbulence_base_ft_msl.1"": """", ""turbulence_top_ft_msl.1"": """", ""turbulence_freq.1"": """"}","{""icing_type"": """", ""icing_intensity"": """", ""icing_base_ft_msl"": """", ""icing_top_ft_msl"": """", ""icing_type.1"": """", ""icing_intensity.1"": """", ""icing_base_ft_msl.1"": """", ""icing_top_ft_msl.1"": """"}","{""sky_cover"": """", ""cloud_base_ft_msl"": """", ""cloud_top_ft_msl"": """", ""sky_cover.1"": """", ""cloud_base_ft_msl.1"": """", ""cloud_top_ft_msl.1"": """"}",ILM UA /OV ILM190100/TM 1030/FL370/TP A20N/TB NEG
2026-04-13T10:35:16.077Z|37.2457|-93.3886|E170,2026-04-13 10:35:16.077000+00:00,2026-04-13 10:29:00+00:00,37.2457,-93.3886,47.0,E170,PIREP,,,"{""turbulence_type"": """", ""turbulence_intensity"": """", ""turbulence_base_ft_msl"": """", ""turbulence_top_ft_msl"": """", ""turbulence_freq"": """", ""turbulence_type.1"": """", ""turbulence_intensity.1"": """", ""turbulence_base_ft_msl.1"": """", ""turbulence_top_ft_msl.1"": """", ""turbulence_freq.1"": """"}","{""icing_type"": """", ""icing_intensity"": """", ""icing_base_ft_msl"": """", ""icing_top_ft_msl"": """", ""icing_type.1"": """", ""icing_intensity.1"": ""NEGclr"", ""icing_base_ft_msl.1"": ""4500"", ""icing_top_ft_msl.1"": ""60000""}","{""sky_cover"": ""OVC"", ""cloud_base_ft_msl"": ""3300"", ""cloud_top_ft_msl"": ""4500"", ""sky_cover.1"": ""SKC"", ""cloud_base_ft_msl.1"": ""4500"", ""cloud_top_ft_msl.1"": ""60000""}",SGF UA /OV KSGF/TM 1029/FL047/TP E170/SK OVC033-TOP045/SKC/RM DURC
2026-04-13T10:40:05.255Z|40.8529|-85.4571|B739,2026-04-13 10:40:05.255000+00:00,2026-04-13 10:29:00+00:00,40.8529,-85.4571,330.0,B739,PIREP,,,"{""turbulence_type"": ""CHOP"", ""turbulence_intensity"": ""LGT"", ""turbulence_base_ft_msl"": ""31000"", ""turbulence_top_ft_msl"": ""33000"", ""turbulence_freq"": ""CONT"", ""turbulence_type.1"": """", ""turbulence_intensity.1"": """", ""turbulence_base_ft_msl.1"": """", ""turbulence_top_ft_msl.1"": """", ""turbulence_freq.1"": """"}","{""icing_type"": """", ""icing_intensity"": """", ""icing_base_ft_msl"": """", ""icing_top_ft_msl"": """", ""icing_type.1"": """", ""icing_intensity.1"": """", ""icing_base_ft_msl.1"": """", ""icing_top_ft_msl.1"": """"}","{""sky_cover"": """", ""cloud_base_ft_msl"": """", ""cloud_top_ft_msl"": """", ""sky_cover.1"": """", ""cloud_base_ft_msl.1"": """", ""cloud_top_ft_msl.1"": """"}",HHG UA /OV HHG/TM 1029/FL330/TP B739/TB CONS LGT CHOP 310-330
2026-04-13T10:35:15.983Z|42.8791|-85.5454|E170,2026-04-13 10:35:15.983000+00:00,2026-04-13 10:28:00+00:00,42.8791,-85.5454,15.0,E170,PIREP,,,"{""turbulence_type"": """", ""turbulence_intensity"": """", ""turbulence_base_ft_msl"": """", ""turbulence_top_ft_msl"": """", ""turbulence_freq"": """", ""turbulence_type.1"": """", ""turbulence_intensity.1"": """", ""turbulence_base_ft_msl.1"": """", ""turbulence_top_ft_msl.1"": """", ""turbulence_freq.1"": """"}","{""icing_type"": """", ""icing_intensity"": """", ""icing_base_ft_msl"": """", ""icing_top_ft_msl"": """", ""icing_type.1"": """", ""icing_intensity.1"": """", ""icing_base_ft_msl.1"": """", ""icing_top_ft_msl.1"": """"}","{""sky_cover"": """", ""cloud_base_ft_msl"": """", ""cloud_top_ft_msl"": """", ""sky_cover.1"": """", ""cloud_base_ft_msl.1"": """", ""cloud_top_ft_msl.1"": """"}",GRR UA /OV GRR270001/TM 1028/FL015/TP E170/SK B015
2026-04-13T10:35:15.965Z|32.1593|-97.7624|B738,2026-04-13 10:35:15.965000+00:00,2026-04-13 10:27:00+00:00,32.1593,-97.7624,202.0,B738,PIREP,,,"{""turbulence_type"": """", ""turbulence_intensity"": ""NEG"", ""turbulence_base_ft_msl"": """", ""turbulence_top_ft_msl"": """", ""turbulence_freq"": """", ""turbulence_type.1"": """", ""turbulence_intensity.1"": """", ""turbulence_base_ft_msl.1"": """", ""turbulence_top_ft_msl.1"": """", ""turbulence_freq.1"": """"}","{""icing_type"": """", ""icing_intensity"": """", ""icing_base_ft_msl"": """", ""icing_top_ft_msl"": """", ""icing_type.1"": """", ""icing_intensity.1"": """", ""icing_base_ft_msl.1"": """", ""icing_top_ft_msl.1"": """"}","{""sky_cover"": """", ""cloud_base_ft_msl"": """", ""cloud_top_ft_msl"": """", ""sky_cover.1"": """", ""cloud_base_ft_msl.1"": """", ""cloud_top_ft_msl.1"": """"}",GDJ UA /OV KIILO/TM 1027/FL202/TP B738/TB NEG/RM DURD - ZFW62
2026-04-13T10:35:16.031Z|43.5316|-84.0773|CRJ7,2026-04-13 10:35:16.031000+00:00,2026-04-13 10:26:00+00:00,43.5316,-84.0773,33.0,CRJ7,PIREP,,,"{""turbulence_type"": """", ""turbulence_intensity"": """", ""turbulence_base_ft_msl"": """", ""turbulence_top_ft_msl"": """", ""turbulence_freq"": """", ""turbulence_type.1"": """", ""turbulence_intensity.1"": """", ""turbulence_base_ft_msl.1"": """", ""turbulence_top_ft_msl.1"": """", ""turbulence_freq.1"": """"}","{""icing_type"": """", ""icing_intensity"": """", ""icing_base_ft_msl"": """", ""icing_top_ft_msl"": """", ""icing_type.1"": """", ""icing_intensity.1"": """", ""icing_base_ft_msl.1"": """", ""icing_top_ft_msl.1"": """"}","{""sky_cover"": ""OVC"", ""cloud_base_ft_msl"": ""1200"", ""cloud_top_ft_msl"": ""3300"", ""sky_cover.1"": """", ""cloud_base_ft_msl.1"": """", ""cloud_top_ft_msl.1"": """"}",MBS UA /OV MBS/TM 1026/FL033/TP CRJ7/SK OVC012-TOP033
2026-04-13T10:35:15.951Z|42.2913|-72.9494|B739,2026-04-13 10:35:15.951000+00:00,2026-04-13 10:25:00+00:00,42.2913,-72.9494,170.0,B739,PIREP,,,"{""turbulence_type"": """", ""turbulence_intensity"": ""MOD"", ""turbulence_base_ft_msl"": ""13000"", ""turbulence_top_ft_msl"": ""16000"", ""turbulence_freq"": ""CONT"", ""turbulence_type.1"": """", ""turbulence_intensity.1"": """", ""turbulence_base_ft_msl.1"": """", ""turbulence_top_ft_msl.1"": """", ""turbulence_freq.1"": """"}","{""icing_type"": """", ""icing_intensity"": """", ""icing_base_ft_msl"": """", ""icing_top_ft_msl"": """", ""icing_type.1"": """", ""icing_intensity.1"": """", ""icing_base_ft_msl.1"": """", ""icing_top_ft_msl.1"": """"}","{""sky_cover"": """", ""cloud_base_ft_msl"": """", ""cloud_top_ft_msl"": """", ""sky_cover.1"": """", ""cloud_base_ft_msl.1"": """", ""cloud_top_ft_msl.1"": """"}",BAF UA /OV CTR/TM 1025/FL170/TP B739/TB CONS MOD 130-160/RM DURC
2026-04-13T10:35:15.929Z|43.4641|-70.4724|CRJ9,2026-04-13 10:35:15.929000+00:00,2026-04-13 10:23:00+00:00,43.4641,-70.4724,110.0,CRJ9,PIREP,,,"{""turbulence_type"": ""CHOP"", ""turbulence_intensity"": ""LGT-MOD"", ""turbulence_base_ft_msl"": """", ""turbulence_top_ft_msl"": """", ""turbulence_freq"": """", ""turbulence_type.1"": """", ""turbulence_intensity.1"": ""NEG"", ""turbulence_base_ft_msl.1"": ""11000"", ""turbulence_top_ft_msl.1"": """", ""turbulence_freq.1"": """"}","{""icing_type"": """", ""icing_intensity"": """", ""icing_base_ft_msl"": """", ""icing_top_ft_msl"": """", ""icing_type.1"": """", ""icing_intensity.1"": """", ""icing_base_ft_msl.1"": """", ""icing_top_ft_msl.1"": """"}","{""sky_cover"": """", ""cloud_base_ft_msl"": """", ""cloud_top_ft_msl"": """", ""sky_cover.1"": """", ""cloud_base_ft_msl.1"": """", ""cloud_top_ft_msl.1"": """"}",B19 UA /OV B19/TM 1023/FL110/TP CRJ9/TB LGT OCNL MOD CHOP 110 NEG ABV
2026-04-13T10:27:01.486Z|32.7500|-122.7167|UAL383,2026-04-13 10:27:01.486000+00:00,2026-04-13 10:22:00+00:00,32.75,-122.7167,370.0,UAL383,AIREP,,,"{""turbulence_type"": """", ""turbulence_intensity"": ""NEG"", ""turbulence_base_ft_msl"": """", ""turbulence_top_ft_msl"": """", ""turbulence_freq"": """", ""turbulence_type.1"": """", ""turbulence_intensity.1"": """", ""turbulence_base_ft_msl.1"": """", ""turbulence_top_ft_msl.1"": """", ""turbulence_freq.1"": """"}","{""icing_type"": """", ""icing_intensity"": """", ""icing_base_ft_msl"": """", ""icing_top_ft_msl"": """", ""icing_type.1"": """", ""icing_intensity.1"": """", ""icing_base_ft_msl.1"": """", ""icing_top_ft_msl.1"": """"}","{""sky_cover"": """", ""cloud_base_ft_msl"": """", ""cloud_top_ft_msl"": """", ""sky_cover.1"": """", ""cloud_base_ft_msl.1"": """", ""cloud_top_ft_msl.1"": """"}",ARP UAL383 3245N 12243W 1022 F370 269/059KT TB SMTH IC
2026-04-13T10:35:16.008Z|37.0332|-84.1101|A320,2026-04-13 10:35:16.008000+00:00,2026-04-13 10:22:00+00:00,37.0332,-84.1101,370.0,A320,PIREP,,,"{""turbulence_type"": """", ""turbulence_intensity"": ""NEG"", ""turbulence_base_ft_msl"": """", ""turbulence_top_ft_msl"": """", ""turbulence_freq"": """", ""turbulence_type.1"": """", ""turbulence_intensity.1"": """", ""turbulence_base_ft_msl.1"": """", ""turbulence_top_ft_msl.1"": """", ""turbulence_freq.1"": """"}","{""icing_type"": """", ""icing_intensity"": """", ""icing_base_ft_msl"": """", ""icing_top_ft_msl"": """", ""icing_type.1"": """", ""icing_intensity.1"": """", ""icing_base_ft_msl.1"": """", ""icing_top_ft_msl.1"": """"}","{""sky_cover"": """", ""cloud_base_ft_msl"": """", ""cloud_top_ft_msl"": """", ""sky_cover.1"": """", ""cloud_base_ft_msl.1"": """", ""cloud_top_ft_msl.1"": """"}",LOZ UA /OV LOZ/TM 1022/FL370/TP A320/TB NEG
2026-04-13T10:25:03.423Z|42.9415|-87.9186|E75L,2026-04-13 10:25:03.423000+00:00,2026-04-13 10:21:00+00:00,42.9415,-87.9186,30.0,E75L,PIREP,,,"{""turbulence_type"": """", ""turbulence_intensity"": """", ""turbulence_base_ft_msl"": """", ""turbulence_top_ft_msl"": """", ""turbulence_freq"": """", ""turbulence_type.1"": """", ""turbulence_intensity.1"": """", ""turbulence_base_ft_msl.1"": """", ""turbulence_top_ft_msl.1"": """", ""turbulence_freq.1"": """"}","{""icing_type"": """", ""icing_intensity"": """", ""icing_base_ft_msl"": """", ""icing_top_ft_msl"": """", ""icing_type.1"": """", ""icing_intensity.1"": """", ""icing_base_ft_msl.1"": """", ""icing_top_ft_msl.1"": """"}","{""sky_cover"": ""OVC"", ""cloud_base_ft_msl"": ""3000"", ""cloud_top_ft_msl"": """", ""sky_cover.1"": """", ""cloud_base_ft_msl.1"": """", ""cloud_top_ft_msl.1"": """"}",MKE UA /OV MKE255001/TM 1021/FL030/TP E75L/SK OVC030/TA 14
2026-04-13T10:35:16.053Z|42.8344|-77.7328|E75L,2026-04-13 10:35:16.053000+00:00,2026-04-13 10:21:00+00:00,42.8344,-77.7328,220.0,E75L,PIREP,,,"{""turbulence_type"": ""CHOP"", ""turbulence_intensity"": ""MOD"", ""turbulence_base_ft_msl"": """", ""turbulence_top_ft_msl"": """", ""turbulence_freq"": """", ""turbulence_type.1"": """", ""turbulence_intensity.1"": """", ""turbulence_base_ft_msl.1"": """", ""turbulence_top_ft_msl.1"": """", ""turbulence_freq.1"": """"}","{""icing_type"": ""RIME"", ""icing_intensity"": ""LGT"", ""icing_base_ft_msl"": ""20000"", ""icing_top_ft_msl"": ""22000"", ""icing_type.1"": """", ""icing_intensity.1"": """", ""icing_base_ft_msl.1"": """", ""icing_top_ft_msl.1"": """"}","{""sky_cover"": """", ""cloud_base_ft_msl"": """", ""cloud_top_ft_msl"": """", ""sky_cover.1"": """", ""cloud_base_ft_msl.1"": """", ""cloud_top_ft_msl.1"": """"}",ROC UA /OV GEE/TM 1021/FL220/TP E75L/TA M18/TB MOD CHOP/IC LGT RIME 200-220/RM ZOB
2026-04-13T10:25:06.192Z|32.1463|-81.1991|A320,2026-04-13 10:25:06.192000+00:00,2026-04-13 10:20:00+00:00,32.1463,-81.1991,1.0,A320,PIREP,FG,,"{""turbulence_type"": """", ""turbulence_intensity"": """", ""turbulence_base_ft_msl"": """", ""turbulence_top_ft_msl"": """", ""turbulence_freq"": """", ""turbulence_type.1"": """", ""turbulence_intensity.1"": """", ""turbulence_base_ft_msl.1"": """", ""turbulence_top_ft_msl.1"": """", ""turbulence_freq.1"": """"}","{""icing_type"": """", ""icing_intensity"": """", ""icing_base_ft_msl"": """", ""icing_top_ft_msl"": """", ""icing_type.1"": """", ""icing_intensity.1"": ""NEGclr"", ""icing_base_ft_msl.1"": """", ""icing_top_ft_msl.1"": """"}","{""sky_cover"": ""CLR"", ""cloud_base_ft_msl"": """", ""cloud_top_ft_msl"": """", ""sky_cover.1"": """", ""cloud_base_ft_msl.1"": """", ""cloud_top_ft_msl.1"": """"}",SAV UA /OV SAV/TM 1020/FL001/TP A320/SK FG ON RWY/WX CLR
2026-04-13T10:25:13.963Z|42.2604|-84.4621|A21N,2026-04-13 10:25:13.963000+00:00,2026-04-13 10:20:00+00:00,42.2604,-84.4621,200.0,A21N,PIREP,,,"{""turbulence_type"": """", ""turbulence_intensity"": ""LGT"", ""turbulence_base_ft_msl"": ""17000"", ""turbulence_top_ft_msl"": ""23000"", ""turbulence_freq"": ""CONT"", ""turbulence_type.1"": """", ""turbulence_intensity.1"": """", ""turbulence_base_ft_msl.1"": """", ""turbulence_top_ft_msl.1"": """", ""turbulence_freq.1"": """"}","{""icing_type"": """", ""icing_intensity"": """", ""icing_base_ft_msl"": """", ""icing_top_ft_msl"": """", ""icing_type.1"": """", ""icing_intensity.1"": """", ""icing_base_ft_msl.1"": """", ""icing_top_ft_msl.1"": """"}","{""sky_cover"": """", ""cloud_base_ft_msl"": """", ""cloud_top_ft_msl"": """", ""sky_cover.1"": """", ""cloud_base_ft_msl.1"": """", ""cloud_top_ft_msl.1"": """"}",JXN UA /OV JXN/TM 1020/FL200/TP A21N/TB CONS LGT 230-170/RM ZOB
2026-04-13T10:25:03.171Z|33.0383|-97.3358|B737,2026-04-13 10:25:03.171000+00:00,2026-04-13 10:19:00+00:00,33.0383,-97.3358,18.0,B737,PIREP,,,"{""turbulence_type"": """", ""turbulence_intensity"": """", ""turbulence_base_ft_msl"": """", ""turbulence_top_ft_msl"": """", ""turbulence_freq"": """", ""turbulence_type.1"": """", ""turbulence_intensity.1"": """", ""turbulence_base_ft_msl.1"": """", ""turbulence_top_ft_msl.1"": """", ""turbulence_freq.1"": """"}","{""icing_type"": """", ""icing_intensity"": """", ""icing_base_ft_msl"": """", ""icing_top_ft_msl"": """", ""icing_type.1"": """", ""icing_intensity.1"": """", ""icing_base_ft_msl.1"": """", ""icing_top_ft_msl.1"": """"}","{""sky_cover"": ""OVC"", ""cloud_base_ft_msl"": ""1800"", ""cloud_top_ft_msl"": """", ""sky_cover.1"": """", ""cloud_base_ft_msl.1"": """", ""cloud_top_ft_msl.1"": """"}",AFW UA /OV AFW340003/TM 1019/FL018/TP B737/SK OVC018-TOPUNKN/RM DURD
2026-04-13T10:25:03.266Z|39.8173|-74.4316|E75L,2026-04-13 10:25:03.266000+00:00,2026-04-13 10:19:00+00:00,39.8173,-74.4316,190.0,E75L,PIREP,,,"{""turbulence_type"": ""CHOP"", ""turbulence_intensity"": ""MOD"", ""turbulence_base_ft_msl"": ""19000"", ""turbulence_top_ft_msl"": ""21000"", ""turbulence_freq"": """", ""turbulence_type.1"": """", ""turbulence_intensity.1"": """", ""turbulence_base_ft_msl.1"": """", ""turbulence_top_ft_msl.1"": """", ""turbulence_freq.1"": """"}","{""icing_type"": """", ""icing_intensity"": """", ""icing_base_ft_msl"": """", ""icing_top_ft_msl"": """", ""icing_type.1"": """", ""icing_intensity.1"": """", ""icing_base_ft_msl.1"": """", ""icing_top_ft_msl.1"": """"}","{""sky_cover"": """", ""cloud_base_ft_msl"": """", ""cloud_top_ft_msl"": """", ""sky_cover.1"": """", ""cloud_base_ft_msl.1"": """", ""cloud_top_ft_msl.1"": """"}",MJX UA /OV CYN/TM 1019/FL190/TP E75L/TB MOD CHOP 190-210
2026-04-13T10:25:03.226Z|36.9759|-86.2120|E170,2026-04-13 10:25:03.226000+00:00,2026-04-13 10:18:00+00:00,36.9759,-86.212,250.0,E170,PIREP,,,"{""turbulence_type"": ""CHOP"", ""turbulence_intensity"": ""LGT"", ""turbulence_base_ft_msl"": ""15000"", ""turbulence_top_ft_msl"": ""25000"", ""turbulence_freq"": ""OCNL"", ""turbulence_type.1"": """", ""turbulence_intensity.1"": """", ""turbulence_base_ft_msl.1"": """", ""turbulence_top_ft_msl.1"": """", ""turbulence_freq.1"": """"}","{""icing_type"": """", ""icing_intensity"": """", ""icing_base_ft_msl"": """", ""icing_top_ft_msl"": """", ""icing_type.1"": """", ""icing_intensity.1"": """", ""icing_base_ft_msl.1"": """", ""icing_top_ft_msl.1"": """"}","{""sky_cover"": """", ""cloud_base_ft_msl"": """", ""cloud_top_ft_msl"": """", ""sky_cover.1"": """", ""cloud_base_ft_msl.1"": """", ""cloud_top_ft_msl.1"": """"}",BWG UA /OV BWG090010/TM 1018/FL250/TP E170/TB OCNL LGT CHOP 150-250/RM ZME 60
2026-04-13T10:55:04.635Z|38.9445|-104.6335|A21N,2026-04-13 10:55:04.635000+00:00,2026-04-13 10:18:00+00:00,38.9445,-104.6335,350.0,A21N,PIREP,,,"{""turbulence_type"": ""CHOP"", ""turbulence_intensity"": ""LGT"", ""turbulence_base_ft_msl"": """", ""turbulence_top_ft_msl"": """", ""turbulence_freq"": ""OCNL"", ""turbulence_type.1"": """", ""turbulence_intensity.1"": """", ""turbulence_base_ft_msl.1"": """", ""turbulence_top_ft_msl.1"": """", ""turbulence_freq.1"": """"}","{""icing_type"": """", ""icing_intensity"": """", ""icing_base_ft_msl"": """", ""icing_top_ft_msl"": """", ""icing_type.1"": """", ""icing_intensity.1"": """", ""icing_base_ft_msl.1"": """", ""icing_top_ft_msl.1"": """"}","{""sky_cover"": """", ""cloud_base_ft_msl"": """", ""cloud_top_ft_msl"": """", ""sky_cover.1"": """", ""cloud_base_ft_msl.1"": """", ""cloud_top_ft_msl.1"": """"}",COS UA /OV BRK/TM 1018/FL350/TP A21N/TB OCNL LGT CHOP/RM ZDVWC-41
2026-04-13T10:25:03.245Z|42.4031|-76.6498|E145,2026-04-13 10:25:03.245000+00:00,2026-04-13 10:17:00+00:00,42.4031,-76.6498,170.0,E145,PIREP,,,"{""turbulence_type"": """", ""turbulence_intensity"": """", ""turbulence_base_ft_msl"": """", ""turbulence_top_ft_msl"": """", ""turbulence_freq"": """", ""turbulence_type.1"": """", ""turbulence_intensity.1"": """", ""turbulence_base_ft_msl.1"": """", ""turbulence_top_ft_msl.1"": """", ""turbulence_freq.1"": """"}","{""icing_type"": ""RIME"", ""icing_intensity"": ""LGT"", ""icing_base_ft_msl"": """", ""icing_top_ft_msl"": """", ""icing_type.1"": """", ""icing_intensity.1"": """", ""icing_base_ft_msl.1"": """", ""icing_top_ft_msl.1"": """"}","{""sky_cover"": """", ""cloud_base_ft_msl"": """", ""cloud_top_ft_msl"": """", ""sky_cover.1"": """", ""cloud_base_ft_msl.1"": """", ""cloud_top_ft_msl.1"": """"}",ITH UA /OV ITH250010/TM 1017/FL170/TP E145/TA M12/IC LGT RIME
2026-04-13T10:20:05.977Z|42.9404|-78.7306|E75S,2026-04-13 10:20:05.977000+00:00,2026-04-13 10:16:00+00:00,42.9404,-78.7306,300.0,E75S,PIREP,,,"{""turbulence_type"": """", ""turbulence_intensity"": ""LGT"", ""turbulence_base_ft_msl"": """", ""turbulence_top_ft_msl"": """", ""turbulence_freq"": ""CONT"", ""turbulence_type.1"": """", ""turbulence_intensity.1"": """", ""turbulence_base_ft_msl.1"": """", ""turbulence_top_ft_msl.1"": """", ""turbulence_freq.1"": """"}","{""icing_type"": """", ""icing_intensity"": """", ""icing_base_ft_msl"": """", ""icing_top_ft_msl"": """", ""icing_type.1"": """", ""icing_intensity.1"": """", ""icing_base_ft_msl.1"": """", ""icing_top_ft_msl.1"": """"}","{""sky_cover"": """", ""cloud_base_ft_msl"": """", ""cloud_top_ft_msl"": """", ""sky_cover.1"": """", ""cloud_base_ft_msl.1"": """", ""cloud_top_ft_msl.1"": """"}",BUF UA /OV BUF/TM 1016/FL300/TP E75S/TB CONS LGT/RM 340 CONS LGT TURB ZOB
2026-04-13T10:20:06.074Z|42.2124|-83.3534|A21N,2026-04-13 10:20:06.074000+00:00,2026-04-13 10:15:00+00:00,42.2124,-83.3534,30.0,A21N,PIREP,,,"{""turbulence_type"": """", ""turbulence_intensity"": """", ""turbulence_base_ft_msl"": """", ""turbulence_top_ft_msl"": """", ""turbulence_freq"": """", ""turbulence_type.1"": """", ""turbulence_intensity.1"": """", ""turbulence_base_ft_msl.1"": """", ""turbulence_top_ft_msl.1"": """", ""turbulence_freq.1"": """"}","{""icing_type"": """", ""icing_intensity"": """", ""icing_base_ft_msl"": """", ""icing_top_ft_msl"": """", ""icing_type.1"": """", ""icing_intensity.1"": """", ""icing_base_ft_msl.1"": """", ""icing_top_ft_msl.1"": """"}","{""sky_cover"": """", ""cloud_base_ft_msl"": ""3000"", ""cloud_top_ft_msl"": """", ""sky_cover.1"": """", ""cloud_base_ft_msl.1"": """", ""cloud_top_ft_msl.1"": """"}",DTW UA /OV RWY 22R ARR/TM 1015/FL030/TP A21N/SK BASES 030/RM DURD
2026-04-13T10:25:06.750Z|40.9791|-85.1881|A320,2026-04-13 10:25:06.750000+00:00,2026-04-13 10:15:00+00:00,40.9791,-85.1881,390.0,A320,PIREP,,,"{""turbulence_type"": ""CHOP"", ""turbulence_intensity"": ""LGT"", ""turbulence_base_ft_msl"": ""36000"", ""turbulence_top_ft_msl"": ""38000"", ""turbulence_freq"": ""CONT"", ""turbulence_type.1"": """", ""turbulence_intensity.1"": """", ""turbulence_base_ft_msl.1"": """", ""turbulence_top_ft_msl.1"": """", ""turbulence_freq.1"": """"}","{""icing_type"": """", ""icing_intensity"": """", ""icing_base_ft_msl"": """", ""icing_top_ft_msl"": """", ""icing_type.1"": """", ""icing_intensity.1"": """", ""icing_base_ft_msl.1"": """", ""icing_top_ft_msl.1"": """"}","{""sky_cover"": """", ""cloud_base_ft_msl"": """", ""cloud_top_ft_msl"": """", ""sky_cover.1"": """", ""cloud_base_ft_msl.1"": """", ""cloud_top_ft_msl.1"": """"}",FWA UA /OV FWA/TM 1015/FL390/TP A320/TB CONS LGT CHOP 360-380/RM SMOOTH FL390
2026-04-13T10:25:03.285Z|41.5695|-90.6091|A20N,2026-04-13 10:25:03.285000+00:00,2026-04-13 10:15:00+00:00,41.5695,-90.6091,350.0,A20N,PIREP,,,"{""turbulence_type"": ""CHOP"", ""turbulence_intensity"": ""NEG"", ""turbulence_base_ft_msl"": """", ""turbulence_top_ft_msl"": """", ""turbulence_freq"": """", ""turbulence_type.1"": """", ""turbulence_intensity.1"": """", ""turbulence_base_ft_msl.1"": """", ""turbulence_top_ft_msl.1"": """", ""turbulence_freq.1"": """"}","{""icing_type"": """", ""icing_intensity"": """", ""icing_base_ft_msl"": """", ""icing_top_ft_msl"": """", ""icing_type.1"": """", ""icing_intensity.1"": """", ""icing_base_ft_msl.1"": """", ""icing_top_ft_msl.1"": """"}","{""sky_cover"": """", ""cloud_base_ft_msl"": """", ""cloud_top_ft_msl"": """", ""sky_cover.1"": """", ""cloud_base_ft_msl.1"": """", ""cloud_top_ft_msl.1"": """"}",MLI UA /OV MZV360015/TM 1015/FL350/TP A20N/TB NEG CHOP
2026-04-13T10:25:13.944Z|42.6656|-83.4205|AC50,2026-04-13 10:25:13.944000+00:00,2026-04-13 10:15:00+00:00,42.6656,-83.4205,20.0,AC50,PIREP,,,"{""turbulence_type"": """", ""turbulence_intensity"": """", ""turbulence_base_ft_msl"": """", ""turbulence_top_ft_msl"": """", ""turbulence_freq"": """", ""turbulence_type.1"": """", ""turbulence_intensity.1"": """", ""turbulence_base_ft_msl.1"": """", ""turbulence_top_ft_msl.1"": """", ""turbulence_freq.1"": """"}","{""icing_type"": """", ""icing_intensity"": """", ""icing_base_ft_msl"": """", ""icing_top_ft_msl"": """", ""icing_type.1"": """", ""icing_intensity.1"": """", ""icing_base_ft_msl.1"": """", ""icing_top_ft_msl.1"": """"}","{""sky_cover"": ""BKN"", ""cloud_base_ft_msl"": ""2200"", ""cloud_top_ft_msl"": """", ""sky_cover.1"": """", ""cloud_base_ft_msl.1"": """", ""cloud_top_ft_msl.1"": """"}",PTK UA /OV 3E/TM 1015/FL020/TP AC50/SK BKN022/RM RAGGED BASES BTWN 022-026
2026-04-13T10:25:06.227Z|44.3971|-73.1826|A320,2026-04-13 10:25:06.227000+00:00,2026-04-13 10:15:00+00:00,44.3971,-73.1826,60.0,A320,PIREP,,,"{""turbulence_type"": ""CHOP"", ""turbulence_intensity"": ""LGT-MOD"", ""turbulence_base_ft_msl"": """", ""turbulence_top_ft_msl"": """", ""turbulence_freq"": ""CONT"", ""turbulence_type.1"": """", ""turbulence_intensity.1"": """", ""turbulence_base_ft_msl.1"": """", ""turbulence_top_ft_msl.1"": """", ""turbulence_freq.1"": """"}","{""icing_type"": """", ""icing_intensity"": """", ""icing_base_ft_msl"": """", ""icing_top_ft_msl"": """", ""icing_type.1"": """", ""icing_intensity.1"": """", ""icing_base_ft_msl.1"": """", ""icing_top_ft_msl.1"": """"}","{""sky_cover"": """", ""cloud_base_ft_msl"": """", ""cloud_top_ft_msl"": """", ""sky_cover.1"": """", ""cloud_base_ft_msl.1"": """", ""cloud_top_ft_msl.1"": """"}",BTV UA /OV BTV/TM 1015/FL060/TP A320/TB CONT LGT-MOD CHOP DURC/RM MOD CHOP BLW 030 LGT CHOP BTWN 030-060
2026-04-13T10:20:05.939Z|40.0245|-76.9231|A320,2026-04-13 10:20:05.939000+00:00,2026-04-13 10:14:00+00:00,40.0245,-76.9231,180.0,A320,PIREP,,,"{""turbulence_type"": """", ""turbulence_intensity"": """", ""turbulence_base_ft_msl"": """", ""turbulence_top_ft_msl"": """", ""turbulence_freq"": """", ""turbulence_type.1"": """", ""turbulence_intensity.1"": """", ""turbulence_base_ft_msl.1"": """", ""turbulence_top_ft_msl.1"": """", ""turbulence_freq.1"": """"}","{""icing_type"": ""CLEAR"", ""icing_intensity"": ""LGT"", ""icing_base_ft_msl"": """", ""icing_top_ft_msl"": """", ""icing_type.1"": """", ""icing_intensity.1"": """", ""icing_base_ft_msl.1"": """", ""icing_top_ft_msl.1"": """"}","{""sky_cover"": """", ""cloud_base_ft_msl"": """", ""cloud_top_ft_msl"": """", ""sky_cover.1"": """", ""cloud_base_ft_msl.1"": """", ""cloud_top_ft_msl.1"": """"}",CXY UA /OV HAR168018/TM 1014/FL180/TP A320/TA M11/IC LGT CLR MC
2026-04-13T10:20:06.009Z|42.3643|-76.8260|B737,2026-04-13 10:20:06.009000+00:00,2026-04-13 10:14:00+00:00,42.3643,-76.826,230.0,B737,PIREP,,,"{""turbulence_type"": """", ""turbulence_intensity"": """", ""turbulence_base_ft_msl"": """", ""turbulence_top_ft_msl"": """", ""turbulence_freq"": """", ""turbulence_type.1"": """", ""turbulence_intensity.1"": """", ""turbulence_base_ft_msl.1"": """", ""turbulence_top_ft_msl.1"": """", ""turbulence_freq.1"": """"}","{""icing_type"": ""RIME"", ""icing_intensity"": ""MOD"", ""icing_base_ft_msl"": """", ""icing_top_ft_msl"": """", ""icing_type.1"": """", ""icing_intensity.1"": """", ""icing_base_ft_msl.1"": """", ""icing_top_ft_msl.1"": """"}","{""sky_cover"": """", ""cloud_base_ft_msl"": """", ""cloud_top_ft_msl"": """", ""sky_cover.1"": """", ""cloud_base_ft_msl.1"": """", ""cloud_top_ft_msl.1"": """"}",ITH UA /OV ITH257018/TM 1014/FL230/TP B737/TA M02/IC MOD RIME/RM 230-250
2026-04-13T10:15:09.275Z|42.3575|-70.9895|A321,2026-04-13 10:15:09.275000+00:00,2026-04-13 10:11:00+00:00,42.3575,-70.9895,25.0,A321,PIREP,,,"{""turbulence_type"": """", ""turbulence_intensity"": """", ""turbulence_base_ft_msl"": """", ""turbulence_top_ft_msl"": """", ""turbulence_freq"": """", ""turbulence_type.1"": """", ""turbulence_intensity.1"": """", ""turbulence_base_ft_msl.1"": """", ""turbulence_top_ft_msl.1"": """", ""turbulence_freq.1"": """"}","{""icing_type"": """", ""icing_intensity"": """", ""icing_base_ft_msl"": """", ""icing_top_ft_msl"": """", ""icing_type.1"": """", ""icing_intensity.1"": """", ""icing_base_ft_msl.1"": """", ""icing_top_ft_msl.1"": """"}","{""sky_cover"": """", ""cloud_base_ft_msl"": """", ""cloud_top_ft_msl"": """", ""sky_cover.1"": """", ""cloud_base_ft_msl.1"": """", ""cloud_top_ft_msl.1"": """"}",BOS UA /OV 5 MILE FINAL 22L/TM 1011/FL025/TP A321
2026-04-13T10:15:09.313Z|43.6456|-70.3086|A319,2026-04-13 10:15:09.313000+00:00,2026-04-13 10:10:00+00:00,43.6456,-70.3086,5.0,A319,PIREP,,,"{""turbulence_type"": """", ""turbulence_intensity"": """", ""turbulence_base_ft_msl"": """", ""turbulence_top_ft_msl"": """", ""turbulence_freq"": """", ""turbulence_type.1"": """", ""turbulence_intensity.1"": """", ""turbulence_base_ft_msl.1"": """", ""turbulence_top_ft_msl.1"": """", ""turbulence_freq.1"": """"}","{""icing_type"": """", ""icing_intensity"": """", ""icing_base_ft_msl"": """", ""icing_top_ft_msl"": """", ""icing_type.1"": """", ""icing_intensity.1"": """", ""icing_base_ft_msl.1"": """", ""icing_top_ft_msl.1"": """"}","{""sky_cover"": """", ""cloud_base_ft_msl"": ""500"", ""cloud_top_ft_msl"": """", ""sky_cover.1"": """", ""cloud_base_ft_msl.1"": """", ""cloud_top_ft_msl.1"": """"}",PWM UA /OV PWM/TM 1010/FL005/TP A319/SK BASE 005
2026-04-13T10:15:09.294Z|32.9660|-96.7770|F900,2026-04-13 10:15:09.294000+00:00,2026-04-13 10:10:00+00:00,32.966,-96.777,20.0,F900,PIREP,,,"{""turbulence_type"": """", ""turbulence_intensity"": """", ""turbulence_base_ft_msl"": """", ""turbulence_top_ft_msl"": """", ""turbulence_freq"": """", ""turbulence_type.1"": """", ""turbulence_intensity.1"": """", ""turbulence_base_ft_msl.1"": """", ""turbulence_top_ft_msl.1"": """", ""turbulence_freq.1"": """"}","{""icing_type"": """", ""icing_intensity"": """", ""icing_base_ft_msl"": """", ""icing_top_ft_msl"": """", ""icing_type.1"": """", ""icing_intensity.1"": """", ""icing_base_ft_msl.1"": """", ""icing_top_ft_msl.1"": """"}","{""sky_cover"": ""OVC"", ""cloud_base_ft_msl"": ""2000"", ""cloud_top_ft_msl"": ""2800"", ""sky_cover.1"": """", ""cloud_base_ft_msl.1"": """", ""cloud_top_ft_msl.1"": """"}",DFW UA /OV 3 E ADS/TM 1010/FL020/TP F900/SK OVC020 TOPS028
2026-04-13T10:20:06.137Z|40.9791|-85.1881|E145,2026-04-13 10:20:06.137000+00:00,2026-04-13 10:10:00+00:00,40.9791,-85.1881,50.0,E145,PIREP,,,"{""turbulence_type"": """", ""turbulence_intensity"": """", ""turbulence_base_ft_msl"": """", ""turbulence_top_ft_msl"": """", ""turbulence_freq"": """", ""turbulence_type.1"": """", ""turbulence_intensity.1"": """", ""turbulence_base_ft_msl.1"": """", ""turbulence_top_ft_msl.1"": """", ""turbulence_freq.1"": """"}","{""icing_type"": """", ""icing_intensity"": """", ""icing_base_ft_msl"": """", ""icing_top_ft_msl"": """", ""icing_type.1"": """", ""icing_intensity.1"": ""NEGclr"", ""icing_base_ft_msl.1"": """", ""icing_top_ft_msl.1"": """"}","{""sky_cover"": ""CLR"", ""cloud_base_ft_msl"": """", ""cloud_top_ft_msl"": """", ""sky_cover.1"": """", ""cloud_base_ft_msl.1"": """", ""cloud_top_ft_msl.1"": """"}",FWA UA /OV FWA/TM 1010/FL050/TP E145/SK CLR/RM DURC
2026-04-13T10:20:06.042Z|42.4333|-83.2640|A21N,2026-04-13 10:20:06.042000+00:00,2026-04-13 10:10:00+00:00,42.4333,-83.264,30.0,A21N,PIREP,,,"{""turbulence_type"": """", ""turbulence_intensity"": ""LGT"", ""turbulence_base_ft_msl"": """", ""turbulence_top_ft_msl"": """", ""turbulence_freq"": """", ""turbulence_type.1"": """", ""turbulence_intensity.1"": """", ""turbulence_base_ft_msl.1"": """", ""turbulence_top_ft_msl.1"": """", ""turbulence_freq.1"": """"}","{""icing_type"": """", ""icing_intensity"": """", ""icing_base_ft_msl"": """", ""icing_top_ft_msl"": """", ""icing_type.1"": """", ""icing_intensity.1"": """", ""icing_base_ft_msl.1"": """", ""icing_top_ft_msl.1"": """"}","{""sky_cover"": ""IMC"", ""cloud_base_ft_msl"": """", ""cloud_top_ft_msl"": """", ""sky_cover.1"": """", ""cloud_base_ft_msl.1"": """", ""cloud_top_ft_msl.1"": """"}",DTW UA /OV DXO025014/TM 1010/FL030/TP A21N/WX IMC/TB LGT
2026-04-13T10:20:06.166Z|41.6693|-70.2804|C402,2026-04-13 10:20:06.166000+00:00,2026-04-13 10:09:00+00:00,41.6693,-70.2804,8.0,C402,PIREP,,,"{""turbulence_type"": """", ""turbulence_intensity"": ""MOD"", ""turbulence_base_ft_msl"": """", ""turbulence_top_ft_msl"": """", ""turbulence_freq"": """", ""turbulence_type.1"": """", ""turbulence_intensity.1"": """", ""turbulence_base_ft_msl.1"": """", ""turbulence_top_ft_msl.1"": """", ""turbulence_freq.1"": """"}","{""icing_type"": """", ""icing_intensity"": """", ""icing_base_ft_msl"": """", ""icing_top_ft_msl"": """", ""icing_type.1"": """", ""icing_intensity.1"": """", ""icing_base_ft_msl.1"": """", ""icing_top_ft_msl.1"": """"}","{""sky_cover"": """", ""cloud_base_ft_msl"": """", ""cloud_top_ft_msl"": """", ""sky_cover.1"": """", ""cloud_base_ft_msl.1"": """", ""cloud_top_ft_msl.1"": """"}","HYA UA /OV HYA/TM 1009/FL008/TP C402/TB MOD BLW 800FT/RM DURC, SMOOTH RIDE ABV 800FT"
2026-04-13T10:15:09.234Z|41.9818|-87.9295|A21N,2026-04-13 10:15:09.234000+00:00,2026-04-13 10:08:00+00:00,41.9818,-87.9295,19.0,A21N,PIREP,,,"{""turbulence_type"": """", ""turbulence_intensity"": """", ""turbulence_base_ft_msl"": """", ""turbulence_top_ft_msl"": """", ""turbulence_freq"": """", ""turbulence_type.1"": """", ""turbulence_intensity.1"": """", ""turbulence_base_ft_msl.1"": """", ""turbulence_top_ft_msl.1"": """", ""turbulence_freq.1"": """"}","{""icing_type"": """", ""icing_intensity"": """", ""icing_base_ft_msl"": """", ""icing_top_ft_msl"": """", ""icing_type.1"": """", ""icing_intensity.1"": """", ""icing_base_ft_msl.1"": """", ""icing_top_ft_msl.1"": """"}","{""sky_cover"": ""BKN"", ""cloud_base_ft_msl"": ""1900"", ""cloud_top_ft_msl"": """", ""sky_cover.1"": """", ""cloud_base_ft_msl.1"": """", ""cloud_top_ft_msl.1"": """"}",ORD UA /OV ORD290001/TM 1008/FL019/TP A21N/SK BKN019
2026-04-13T10:20:06.105Z|44.7155|-69.8665|C17,2026-04-13 10:20:06.105000+00:00,2026-04-13 10:07:00+00:00,44.7155,-69.8665,340.0,C17,PIREP,,,"{""turbulence_type"": """", ""turbulence_intensity"": """", ""turbulence_base_ft_msl"": """", ""turbulence_top_ft_msl"": """", ""turbulence_freq"": """", ""turbulence_type.1"": """", ""turbulence_intensity.1"": """", ""turbulence_base_ft_msl.1"": """", ""turbulence_top_ft_msl.1"": """", ""turbulence_freq.1"": """"}","{""icing_type"": """", ""icing_intensity"": """", ""icing_base_ft_msl"": """", ""icing_top_ft_msl"": """", ""icing_type.1"": """", ""icing_intensity.1"": """", ""icing_base_ft_msl.1"": """", ""icing_top_ft_msl.1"": """"}","{""sky_cover"": """", ""cloud_base_ft_msl"": """", ""cloud_top_ft_msl"": ""28000"", ""sky_cover.1"": ""SCT"", ""cloud_base_ft_msl.1"": ""30000"", ""cloud_top_ft_msl.1"": """"}",WVL UA /OV OWK/TM 1007/FL340/TP C17/SK TOP 280/300 SCT
2026-04-13T10:55:04.679Z|40.2885|-106.7052|B39M,2026-04-13 10:55:04.679000+00:00,2026-04-13 10:06:00+00:00,40.2885,-106.7052,330.0,B39M,PIREP,,,"{""turbulence_type"": """", ""turbulence_intensity"": ""NEG"", ""turbulence_base_ft_msl"": """", ""turbulence_top_ft_msl"": """", ""turbulence_freq"": """", ""turbulence_type.1"": """", ""turbulence_intensity.1"": """", ""turbulence_base_ft_msl.1"": """", ""turbulence_top_ft_msl.1"": """", ""turbulence_freq.1"": """"}","{""icing_type"": """", ""icing_intensity"": """", ""icing_base_ft_msl"": """", ""icing_top_ft_msl"": """", ""icing_type.1"": """", ""icing_intensity.1"": """", ""icing_base_ft_msl.1"": """", ""icing_top_ft_msl.1"": """"}","{""sky_cover"": """", ""cloud_base_ft_msl"": """", ""cloud_top_ft_msl"": """", ""sky_cover.1"": """", ""cloud_base_ft_msl.1"": """", ""cloud_top_ft_msl.1"": """"}",EGE UA /OV RLG311021/TM 1006/FL330/TP B39M/TB NEG/RM ZDVWC-34
2026-04-13T10:10:06.163Z|41.7860|-87.7524|B737,2026-04-13 10:10:06.163000+00:00,2026-04-13 10:06:00+00:00,41.786,-87.7524,17.0,B737,PIREP,,,"{""turbulence_type"": """", ""turbulence_intensity"": """", ""turbulence_base_ft_msl"": """", ""turbulence_top_ft_msl"": """", ""turbulence_freq"": """", ""turbulence_type.1"": """", ""turbulence_intensity.1"": """", ""turbulence_base_ft_msl.1"": """", ""turbulence_top_ft_msl.1"": """", ""turbulence_freq.1"": """"}","{""icing_type"": """", ""icing_intensity"": """", ""icing_base_ft_msl"": """", ""icing_top_ft_msl"": """", ""icing_type.1"": """", ""icing_intensity.1"": """", ""icing_base_ft_msl.1"": """", ""icing_top_ft_msl.1"": """"}","{""sky_cover"": """", ""cloud_base_ft_msl"": ""1700"", ""cloud_top_ft_msl"": """", ""sky_cover.1"": """", ""cloud_base_ft_msl.1"": """", ""cloud_top_ft_msl.1"": """"}",MDW UA /OV KMDW14003/TM 1006/FL017/TP B737/SK BASES 017
2026-04-13T10:10:06.242Z|41.7082|-86.3173|CRJ7,2026-04-13 10:10:06.242000+00:00,2026-04-13 10:05:00+00:00,41.7082,-86.3173,28.0,CRJ7,PIREP,,,"{""turbulence_type"": """", ""turbulence_intensity"": """", ""turbulence_base_ft_msl"": """", ""turbulence_top_ft_msl"": """", ""turbulence_freq"": """", ""turbulence_type.1"": """", ""turbulence_intensity.1"": """", ""turbulence_base_ft_msl.1"": """", ""turbulence_top_ft_msl.1"": """", ""turbulence_freq.1"": """"}","{""icing_type"": """", ""icing_intensity"": """", ""icing_base_ft_msl"": """", ""icing_top_ft_msl"": """", ""icing_type.1"": """", ""icing_intensity.1"": """", ""icing_base_ft_msl.1"": """", ""icing_top_ft_msl.1"": """"}","{""sky_cover"": ""OVC"", ""cloud_base_ft_msl"": ""2800"", ""cloud_top_ft_msl"": ""3700"", ""sky_cover.1"": """", ""cloud_base_ft_msl.1"": """", ""cloud_top_ft_msl.1"": """"}",SBN UA /OV SBN/TM 1005/FL028/TP CRJ7/SK OVC028 TOPS037/RM DURC
2026-04-13T10:15:09.256Z|42.3879|-70.9712|A321,2026-04-13 10:15:09.256000+00:00,2026-04-13 10:05:00+00:00,42.3879,-70.9712,25.0,A321,PIREP,,,"{""turbulence_type"": """", ""turbulence_intensity"": """", ""turbulence_base_ft_msl"": """", ""turbulence_top_ft_msl"": """", ""turbulence_freq"": """", ""turbulence_type.1"": """", ""turbulence_intensity.1"": """", ""turbulence_base_ft_msl.1"": """", ""turbulence_top_ft_msl.1"": """", ""turbulence_freq.1"": """"}","{""icing_type"": """", ""icing_intensity"": """", ""icing_base_ft_msl"": """", ""icing_top_ft_msl"": """", ""icing_type.1"": """", ""icing_intensity.1"": """", ""icing_base_ft_msl.1"": """", ""icing_top_ft_msl.1"": """"}","{""sky_cover"": ""OVC"", ""cloud_base_ft_msl"": ""2500"", ""cloud_top_ft_msl"": """", ""sky_cover.1"": """", ""cloud_base_ft_msl.1"": """", ""cloud_top_ft_msl.1"": """"}",BOS UA /OV BOS040002/TM 1005/FL025/TP A321/SK OVC025/RM DURD ILS RY 22L BOS
2026-04-13T10:10:06.220Z|43.0265|-75.1645|A320,2026-04-13 10:10:06.220000+00:00,2026-04-13 10:04:00+00:00,43.0265,-75.1645,320.0,A320,PIREP,,,"{""turbulence_type"": ""CHOP"", ""turbulence_intensity"": ""LGT"", ""turbulence_base_ft_msl"": ""32000"", ""turbulence_top_ft_msl"": """", ""turbulence_freq"": ""CONT"", ""turbulence_type.1"": """", ""turbulence_intensity.1"": """", ""turbulence_base_ft_msl.1"": """", ""turbulence_top_ft_msl.1"": """", ""turbulence_freq.1"": """"}","{""icing_type"": """", ""icing_intensity"": """", ""icing_base_ft_msl"": """", ""icing_top_ft_msl"": """", ""icing_type.1"": """", ""icing_intensity.1"": """", ""icing_base_ft_msl.1"": """", ""icing_top_ft_msl.1"": """"}","{""sky_cover"": """", ""cloud_base_ft_msl"": """", ""cloud_top_ft_msl"": """", ""sky_cover.1"": """", ""cloud_base_ft_msl.1"": """", ""cloud_top_ft_msl.1"": """"}",RME UA /OV UCA/TM 1004/FL320/TP A320/TB CONS LGT CHOP 320
2026-04-13T10:10:06.192Z|35.3931|-97.6008|B735,2026-04-13 10:10:06.192000+00:00,2026-04-13 10:04:00+00:00,35.3931,-97.6008,15.0,B735,PIREP,,,"{""turbulence_type"": """", ""turbulence_intensity"": """", ""turbulence_base_ft_msl"": """", ""turbulence_top_ft_msl"": """", ""turbulence_freq"": """", ""turbulence_type.1"": """", ""turbulence_intensity.1"": """", ""turbulence_base_ft_msl.1"": """", ""turbulence_top_ft_msl.1"": """", ""turbulence_freq.1"": """"}","{""icing_type"": """", ""icing_intensity"": """", ""icing_base_ft_msl"": """", ""icing_top_ft_msl"": """", ""icing_type.1"": """", ""icing_intensity.1"": """", ""icing_base_ft_msl.1"": """", ""icing_top_ft_msl.1"": """"}","{""sky_cover"": """", ""cloud_base_ft_msl"": """", ""cloud_top_ft_msl"": """", ""sky_cover.1"": """", ""cloud_base_ft_msl.1"": """", ""cloud_top_ft_msl.1"": """"}",OKC UA /OV 1 SOUTH OKC/TM 1004/FL015/TP B735/RM BASES SCT 015
2026-04-13T10:10:06.081Z|29.9569|-95.3457|B772,2026-04-13 10:10:06.081000+00:00,2026-04-13 10:03:00+00:00,29.9569,-95.3457,15.0,B772,PIREP,,,"{""turbulence_type"": """", ""turbulence_intensity"": """", ""turbulence_base_ft_msl"": """", ""turbulence_top_ft_msl"": """", ""turbulence_freq"": """", ""turbulence_type.1"": """", ""turbulence_intensity.1"": """", ""turbulence_base_ft_msl.1"": """", ""turbulence_top_ft_msl.1"": """", ""turbulence_freq.1"": """"}","{""icing_type"": """", ""icing_intensity"": """", ""icing_base_ft_msl"": """", ""icing_top_ft_msl"": """", ""icing_type.1"": """", ""icing_intensity.1"": """", ""icing_base_ft_msl.1"": """", ""icing_top_ft_msl.1"": """"}","{""sky_cover"": """", ""cloud_base_ft_msl"": """", ""cloud_top_ft_msl"": """", ""sky_cover.1"": """", ""cloud_base_ft_msl.1"": """", ""cloud_top_ft_msl.1"": """"}",IAH UA /OV 8R FINAL/TM 1003/FL015/TP B772
2026-04-13T10:10:06.130Z|46.9206|-96.8158|B739,2026-04-13 10:10:06.130000+00:00,2026-04-13 10:00:00+00:00,46.9206,-96.8158,13.0,B739,PIREP,,,"{""turbulence_type"": """", ""turbulence_intensity"": """", ""turbulence_base_ft_msl"": """", ""turbulence_top_ft_msl"": """", ""turbulence_freq"": """", ""turbulence_type.1"": """", ""turbulence_intensity.1"": """", ""turbulence_base_ft_msl.1"": """", ""turbulence_top_ft_msl.1"": """", ""turbulence_freq.1"": """"}","{""icing_type"": """", ""icing_intensity"": """", ""icing_base_ft_msl"": """", ""icing_top_ft_msl"": """", ""icing_type.1"": """", ""icing_intensity.1"": """", ""icing_base_ft_msl.1"": """", ""icing_top_ft_msl.1"": """"}","{""sky_cover"": ""OVC"", ""cloud_base_ft_msl"": ""1300"", ""cloud_top_ft_msl"": ""3000"", ""sky_cover.1"": """", ""cloud_base_ft_msl.1"": """", ""cloud_top_ft_msl.1"": """"}",FAR UA /OV KFAR/TM 1000/FL013/TP B739/SK OVC013-TOP030/RM PREVIOUS PIREP BASE WAS AGL
2026-04-13T10:10:06.109Z|38.2638|-78.8964|B39M,2026-04-13 10:10:06.109000+00:00,2026-04-13 10:00:00+00:00,38.2638,-78.8964,200.0,B39M,PIREP,,,"{""turbulence_type"": """", ""turbulence_intensity"": """", ""turbulence_base_ft_msl"": """", ""turbulence_top_ft_msl"": """", ""turbulence_freq"": """", ""turbulence_type.1"": """", ""turbulence_intensity.1"": """", ""turbulence_base_ft_msl.1"": """", ""turbulence_top_ft_msl.1"": """", ""turbulence_freq.1"": """"}","{""icing_type"": ""RIME"", ""icing_intensity"": ""LGT"", ""icing_base_ft_msl"": """", ""icing_top_ft_msl"": """", ""icing_type.1"": """", ""icing_intensity.1"": """", ""icing_base_ft_msl.1"": """", ""icing_top_ft_msl.1"": """"}","{""sky_cover"": """", ""cloud_base_ft_msl"": """", ""cloud_top_ft_msl"": """", ""sky_cover.1"": """", ""cloud_base_ft_msl.1"": """", ""cloud_top_ft_msl.1"": """"}",SHD UA /OV SHD/TM 1000/FL200/TP B39M/IC LGT RIME
2026-04-13T10:35:15.909Z|36.5456|-84.0210|S22T,2026-04-13 10:35:15.909000+00:00,2026-04-13 09:59:00+00:00,36.5456,-84.021,90.0,S22T,PIREP,,,"{""turbulence_type"": """", ""turbulence_intensity"": """", ""turbulence_base_ft_msl"": """", ""turbulence_top_ft_msl"": """", ""turbulence_freq"": """", ""turbulence_type.1"": """", ""turbulence_intensity.1"": """", ""turbulence_base_ft_msl.1"": """", ""turbulence_top_ft_msl.1"": """", ""turbulence_freq.1"": """"}","{""icing_type"": ""RIME"", ""icing_intensity"": ""TRC"", ""icing_base_ft_msl"": """", ""icing_top_ft_msl"": """", ""icing_type.1"": """", ""icing_intensity.1"": """", ""icing_base_ft_msl.1"": """", ""icing_top_ft_msl.1"": """"}","{""sky_cover"": """", ""cloud_base_ft_msl"": """", ""cloud_top_ft_msl"": """", ""sky_cover.1"": """", ""cloud_base_ft_msl.1"": """", ""cloud_top_ft_msl.1"": """"}",ATL UA /OV VXV354039/TM 0959/FL090/TP S22T/TA 01/IC TRACE RIME/RM ZTLFD 41
2026-04-13T10:05:02.585Z|46.9206|-96.8158|B739,2026-04-13 10:05:02.585000+00:00,2026-04-13 09:59:00+00:00,46.9206,-96.8158,30.0,B739,PIREP,,,"{""turbulence_type"": """", ""turbulence_intensity"": """", ""turbulence_base_ft_msl"": """", ""turbulence_top_ft_msl"": """", ""turbulence_freq"": """", ""turbulence_type.1"": """", ""turbulence_intensity.1"": """", ""turbulence_base_ft_msl.1"": """", ""turbulence_top_ft_msl.1"": """", ""turbulence_freq.1"": """"}","{""icing_type"": """", ""icing_intensity"": """", ""icing_base_ft_msl"": """", ""icing_top_ft_msl"": """", ""icing_type.1"": """", ""icing_intensity.1"": """", ""icing_base_ft_msl.1"": """", ""icing_top_ft_msl.1"": """"}","{""sky_cover"": ""OVC"", ""cloud_base_ft_msl"": ""400"", ""cloud_top_ft_msl"": ""3000"", ""sky_cover.1"": """", ""cloud_base_ft_msl.1"": """", ""cloud_top_ft_msl.1"": """"}",FAR UA /OV KFAR/TM 0959/FL030/TP B739/SK OVC004-TOP030/RM DURC NE OF KFAR
2026-04-13T10:09:01.632Z|25.9167|-97.3667|UAL1075,2026-04-13 10:09:01.632000+00:00,2026-04-13 09:55:00+00:00,25.9167,-97.3667,350.0,UAL1075,AIREP,,,"{""turbulence_type"": ""CHOP"", ""turbulence_intensity"": ""LGT"", ""turbulence_base_ft_msl"": """", ""turbulence_top_ft_msl"": """", ""turbulence_freq"": ""CONT"", ""turbulence_type.1"": """", ""turbulence_intensity.1"": """", ""turbulence_base_ft_msl.1"": """", ""turbulence_top_ft_msl.1"": """", ""turbulence_freq.1"": """"}","{""icing_type"": """", ""icing_intensity"": """", ""icing_base_ft_msl"": """", ""icing_top_ft_msl"": """", ""icing_type.1"": """", ""icing_intensity.1"": """", ""icing_base_ft_msl.1"": """", ""icing_top_ft_msl.1"": """"}","{""sky_cover"": """", ""cloud_base_ft_msl"": """", ""cloud_top_ft_msl"": """", ""sky_cover.1"": """", ""cloud_base_ft_msl.1"": """", ""cloud_top_ft_msl.1"": """"}",ARP UAL1075 2555N 09722W 0955 F350 251/046KT TB CONT LGT CHOP IC
2026-04-13T10:15:03.318Z|41.3297|-86.6646|B77L,2026-04-13 10:15:03.318000+00:00,2026-04-13 09:55:00+00:00,41.3297,-86.6646,340.0,B77L,PIREP,,,"{""turbulence_type"": ""CHOP"", ""turbulence_intensity"": ""LGT"", ""turbulence_base_ft_msl"": """", ""turbulence_top_ft_msl"": """", ""turbulence_freq"": ""CONT"", ""turbulence_type.1"": """", ""turbulence_intensity.1"": """", ""turbulence_base_ft_msl.1"": """", ""turbulence_top_ft_msl.1"": """", ""turbulence_freq.1"": """"}","{""icing_type"": """", ""icing_intensity"": """", ""icing_base_ft_msl"": """", ""icing_top_ft_msl"": """", ""icing_type.1"": """", ""icing_intensity.1"": """", ""icing_base_ft_msl.1"": """", ""icing_top_ft_msl.1"": """"}","{""sky_cover"": """", ""cloud_base_ft_msl"": """", ""cloud_top_ft_msl"": """", ""sky_cover.1"": """", ""cloud_base_ft_msl.1"": """", ""cloud_top_ft_msl.1"": """"}",OXI UA /OV OXI/TM 0955/FL340/TP B77L/TB CONS LGT CHOP
2026-04-13T10:05:02.542Z|42.6137|-78.6443|B737,2026-04-13 10:05:02.542000+00:00,2026-04-13 09:54:00+00:00,42.6137,-78.6443,120.0,B737,PIREP,,,"{""turbulence_type"": ""CHOP"", ""turbulence_intensity"": ""LGT-MOD"", ""turbulence_base_ft_msl"": """", ""turbulence_top_ft_msl"": """", ""turbulence_freq"": """", ""turbulence_type.1"": """", ""turbulence_intensity.1"": """", ""turbulence_base_ft_msl.1"": """", ""turbulence_top_ft_msl.1"": """", ""turbulence_freq.1"": """"}","{""icing_type"": """", ""icing_intensity"": """", ""icing_base_ft_msl"": """", ""icing_top_ft_msl"": """", ""icing_type.1"": """", ""icing_intensity.1"": """", ""icing_base_ft_msl.1"": """", ""icing_top_ft_msl.1"": """"}","{""sky_cover"": """", ""cloud_base_ft_msl"": """", ""cloud_top_ft_msl"": """", ""sky_cover.1"": """", ""cloud_base_ft_msl.1"": """", ""cloud_top_ft_msl.1"": """"}",BUF UA /OV BUF180020/TM 0954/FL120/TP B737/TB LGT-MOD CHOP/RM ZOB
2026-04-13T09:55:02.682Z|39.9969|-82.8922|A20N,2026-04-13 09:55:02.682000+00:00,2026-04-13 09:51:00+00:00,39.9969,-82.8922,25.0,A20N,PIREP,,,"{""turbulence_type"": """", ""turbulence_intensity"": ""MOD"", ""turbulence_base_ft_msl"": """", ""turbulence_top_ft_msl"": """", ""turbulence_freq"": """", ""turbulence_type.1"": """", ""turbulence_intensity.1"": """", ""turbulence_base_ft_msl.1"": """", ""turbulence_top_ft_msl.1"": """", ""turbulence_freq.1"": """"}","{""icing_type"": """", ""icing_intensity"": """", ""icing_base_ft_msl"": """", ""icing_top_ft_msl"": """", ""icing_type.1"": """", ""icing_intensity.1"": """", ""icing_base_ft_msl.1"": """", ""icing_top_ft_msl.1"": """"}","{""sky_cover"": """", ""cloud_base_ft_msl"": """", ""cloud_top_ft_msl"": """", ""sky_cover.1"": """", ""cloud_base_ft_msl.1"": """", ""cloud_top_ft_msl.1"": """"}",CMH UA /OV CMH/TM 0951/FL025/TP A20N/TB MOD TURBULENCE/RM DURC
2026-04-13T10:10:06.151Z|42.4914|-76.4587|CRJ9,2026-04-13 10:10:06.151000+00:00,2026-04-13 09:49:00+00:00,42.4914,-76.4587,230.0,CRJ9,PIREP,,,"{""turbulence_type"": """", ""turbulence_intensity"": ""NEG"", ""turbulence_base_ft_msl"": ""23000"", ""turbulence_top_ft_msl"": """", ""turbulence_freq"": """", ""turbulence_type.1"": """", ""turbulence_intensity.1"": """", ""turbulence_base_ft_msl.1"": """", ""turbulence_top_ft_msl.1"": """", ""turbulence_freq.1"": """"}","{""icing_type"": """", ""icing_intensity"": ""NEG"", ""icing_base_ft_msl"": ""23000"", ""icing_top_ft_msl"": """", ""icing_type.1"": """", ""icing_intensity.1"": """", ""icing_base_ft_msl.1"": """", ""icing_top_ft_msl.1"": """"}","{""sky_cover"": """", ""cloud_base_ft_msl"": """", ""cloud_top_ft_msl"": ""23000"", ""sky_cover.1"": """", ""cloud_base_ft_msl.1"": """", ""cloud_top_ft_msl.1"": """"}",ITH UA /OV ITH/TM 0949/FL230/TP CRJ9/SK TOP 230/TB NEG 230/IC NEG 230/RM IN A LAYER 230
2026-04-13T09:55:02.659Z|34.5161|-89.9938|B39M,2026-04-13 09:55:02.659000+00:00,2026-04-13 09:48:00+00:00,34.5161,-89.9938,370.0,B39M,PIREP,,,"{""turbulence_type"": ""CHOP"", ""turbulence_intensity"": ""LGT"", ""turbulence_base_ft_msl"": """", ""turbulence_top_ft_msl"": """", ""turbulence_freq"": ""OCNL"", ""turbulence_type.1"": """", ""turbulence_intensity.1"": """", ""turbulence_base_ft_msl.1"": """", ""turbulence_top_ft_msl.1"": """", ""turbulence_freq.1"": """"}","{""icing_type"": """", ""icing_intensity"": """", ""icing_base_ft_msl"": """", ""icing_top_ft_msl"": """", ""icing_type.1"": """", ""icing_intensity.1"": """", ""icing_base_ft_msl.1"": """", ""icing_top_ft_msl.1"": """"}","{""sky_cover"": """", ""cloud_base_ft_msl"": """", ""cloud_top_ft_msl"": """", ""sky_cover.1"": """", ""cloud_base_ft_msl.1"": """", ""cloud_top_ft_msl.1"": """"}",MEM UA /OV MEM180030/TM 0948/FL370/TP B39M/TB OCNL LGT CHOP/RM ZME 31
2026-04-13T09:55:02.556Z|46.7742|-68.0945|BCS3,2026-04-13 09:55:02.556000+00:00,2026-04-13 09:48:00+00:00,46.7742,-68.0945,30.0,BCS3,PIREP,,,"{""turbulence_type"": """", ""turbulence_intensity"": """", ""turbulence_base_ft_msl"": """", ""turbulence_top_ft_msl"": """", ""turbulence_freq"": """", ""turbulence_type.1"": """", ""turbulence_intensity.1"": """", ""turbulence_base_ft_msl.1"": """", ""turbulence_top_ft_msl.1"": """", ""turbulence_freq.1"": """"}","{""icing_type"": """", ""icing_intensity"": """", ""icing_base_ft_msl"": """", ""icing_top_ft_msl"": """", ""icing_type.1"": """", ""icing_intensity.1"": """", ""icing_base_ft_msl.1"": """", ""icing_top_ft_msl.1"": """"}","{""sky_cover"": """", ""cloud_base_ft_msl"": ""3000"", ""cloud_top_ft_msl"": """", ""sky_cover.1"": """", ""cloud_base_ft_msl.1"": """", ""cloud_top_ft_msl.1"": """"}",PQI UA /OV PQI/TM 0948/FL030/TP BCS3/SK BASE 030
2026-04-13T10:05:02.524Z|36.6665|-84.1140|E55P,2026-04-13 10:05:02.524000+00:00,2026-04-13 09:46:00+00:00,36.6665,-84.114,230.0,E55P,PIREP,,,"{""turbulence_type"": """", ""turbulence_intensity"": """", ""turbulence_base_ft_msl"": """", ""turbulence_top_ft_msl"": """", ""turbulence_freq"": """", ""turbulence_type.1"": """", ""turbulence_intensity.1"": """", ""turbulence_base_ft_msl.1"": """", ""turbulence_top_ft_msl.1"": """", ""turbulence_freq.1"": """"}","{""icing_type"": ""RIME"", ""icing_intensity"": ""LGT"", ""icing_base_ft_msl"": """", ""icing_top_ft_msl"": """", ""icing_type.1"": """", ""icing_intensity.1"": """", ""icing_base_ft_msl.1"": """", ""icing_top_ft_msl.1"": """"}","{""sky_cover"": """", ""cloud_base_ft_msl"": """", ""cloud_top_ft_msl"": """", ""sky_cover.1"": """", ""cloud_base_ft_msl.1"": """", ""cloud_top_ft_msl.1"": """"}",ATL UA /OV VXV350047/TM 0946/FL230/TP E55P/TA M23/IC LGT RIME/RM ZTLFD 41
2026-04-13T09:50:09.199Z|42.1298|-83.3397|A321,2026-04-13 09:50:09.199000+00:00,2026-04-13 09:41:00+00:00,42.1298,-83.3397,48.0,A321,PIREP,,,"{""turbulence_type"": """", ""turbulence_intensity"": ""LGT-MOD"", ""turbulence_base_ft_msl"": ""4000"", ""turbulence_top_ft_msl"": """", ""turbulence_freq"": """", ""turbulence_type.1"": """", ""turbulence_intensity.1"": """", ""turbulence_base_ft_msl.1"": """", ""turbulence_top_ft_msl.1"": """", ""turbulence_freq.1"": """"}","{""icing_type"": """", ""icing_intensity"": """", ""icing_base_ft_msl"": """", ""icing_top_ft_msl"": """", ""icing_type.1"": """", ""icing_intensity.1"": """", ""icing_base_ft_msl.1"": """", ""icing_top_ft_msl.1"": """"}","{""sky_cover"": """", ""cloud_base_ft_msl"": """", ""cloud_top_ft_msl"": """", ""sky_cover.1"": """", ""cloud_base_ft_msl.1"": """", ""cloud_top_ft_msl.1"": """"}",DTW UA /OV DTW180005/TM 0941/FL048/TP A321/TB LGT-MOD TURB 040/RM DURC
2026-04-13T10:05:02.564Z|39.8617|-104.6732|A320,2026-04-13 10:05:02.564000+00:00,2026-04-13 09:40:00+00:00,39.8617,-104.6732,55.0,A320,PIREP,,,"{""turbulence_type"": ""CHOP"", ""turbulence_intensity"": ""LGT"", ""turbulence_base_ft_msl"": """", ""turbulence_top_ft_msl"": """", ""turbulence_freq"": """", ""turbulence_type.1"": """", ""turbulence_intensity.1"": """", ""turbulence_base_ft_msl.1"": """", ""turbulence_top_ft_msl.1"": """", ""turbulence_freq.1"": """"}","{""icing_type"": """", ""icing_intensity"": """", ""icing_base_ft_msl"": """", ""icing_top_ft_msl"": """", ""icing_type.1"": """", ""icing_intensity.1"": """", ""icing_base_ft_msl.1"": """", ""icing_top_ft_msl.1"": """"}","{""sky_cover"": """", ""cloud_base_ft_msl"": """", ""cloud_top_ft_msl"": """", ""sky_cover.1"": """", ""cloud_base_ft_msl.1"": """", ""cloud_top_ft_msl.1"": """"}",DEN UA /OV KDEN/TM 0940/FLSFC/TP A320/TB LGT CHOP
